hs6,yes
10110,y
10190,y
10210,y
10290,y
10310,y
10391,y
10392,y
10410,y
10420,y
10511,y
10512,y
10519,y
10594,y
10599,y
10611,y
10612,y
10619,y
10620,y
10631,y
10632,y
10639,y
10690,y
20110,y
20210,y
20311,y
20321,y
20410,y
20421,y
20430,y
20441,y
20500,y
20900,y
30510,y
40210,y
40410,y
40490,y
40811,y
40819,y
40891,y
40899,y
50100,y
50210,y
50290,y
50400,y
50510,y
50590,y
50610,y
50690,y
50710,y
50790,y
50800,y
51000,y
51110,y
51191,y
51199,y
60110,y
60120,y
60210,y
60220,y
60230,y
60240,y
60290,y
60410,y
60491,y
60499,y
70110,y
80111,y
80119,y
81210,y
81290,y
81400,y
90111,y
90112,y
100110,y
100190,y
100200,y
100300,y
100400,y
100510,y
100590,y
100610,y
100620,y
100700,y
100810,y
100820,y
100830,y
100890,y
110100,y
110210,y
110220,y
110290,y
110311,y
110313,y
110319,y
110320,y
110510,y
110520,y
110610,y
110620,y
110630,y
110710,y
110720,y
110811,y
110812,y
110813,y
110814,y
110819,y
110820,y
110900,y
120100,y
120210,y
120220,y
120300,y
120400,y
120510,y
120590,y
120600,y
120720,y
120740,y
120750,y
120791,y
120799,y
120810,y
120890,y
120910,y
120921,y
120922,y
120923,y
120924,y
120925,y
120929,y
120930,y
120991,y
120999,y
121010,y
121020,y
121120,y
121130,y
121140,y
121190,y
121220,y
121291,y
121299,y
121300,y
121410,y
121490,y
130120,y
130190,y
130211,y
130212,y
130213,y
130219,y
130220,y
130231,y
130232,y
130239,y
140110,y
140120,y
140190,y
140420,y
140490,y
150100,y
150200,y
150300,y
150410,y
150420,y
150430,y
150500,y
150600,y
150710,y
150810,y
151000,y
151110,y
151190,y
151211,y
151221,y
151229,y
151311,y
151319,y
151321,y
151329,y
151411,y
151491,y
151511,y
151519,y
151521,y
151530,y
151550,y
151590,y
151610,y
151620,y
151800,y
152000,y
152110,y
152190,y
152200,y
160300,y
170111,y
170112,y
170191,y
170211,y
170219,y
170230,y
170240,y
170250,y
170260,y
170290,y
170310,y
170390,y
180100,y
180200,y
180310,y
180320,y
180400,y
180500,y
180620,y
190190,y
190300,y
210210,y
210220,y
210230,y
220430,y
220710,y
220720,y
230110,y
230120,y
230210,y
230230,y
230240,y
230250,y
230310,y
230320,y
230330,y
230400,y
230500,y
230610,y
230620,y
230630,y
230641,y
230649,y
230650,y
230660,y
230690,y
230700,y
230800,y
230990,y
240110,y
240120,y
240130,y
240399,y
250100,y
250200,y
250300,y
250410,y
250490,y
250510,y
250590,y
250610,y
250620,y
250700,y
250810,y
250830,y
250840,y
250850,y
250860,y
250870,y
250900,y
251010,y
251020,y
251110,y
251120,y
251200,y
251310,y
251320,y
251400,y
251511,y
251512,y
251520,y
251611,y
251612,y
251620,y
251690,y
251710,y
251720,y
251730,y
251741,y
251749,y
251810,y
251820,y
251830,y
251910,y
251990,y
252010,y
252020,y
252100,y
252210,y
252220,y
252230,y
252310,y
252321,y
252329,y
252330,y
252390,y
252410,y
252490,y
252510,y
252520,y
252530,y
252610,y
252620,y
252810,y
252890,y
252910,y
252921,y
252922,y
252930,y
253010,y
253020,y
253090,y
260111,y
260112,y
260120,y
260200,y
260300,y
260400,y
260500,y
260600,y
260700,y
260800,y
260900,y
261000,y
261100,y
261210,y
261220,y
261310,y
261390,y
261400,y
261510,y
261590,y
261610,y
261690,y
261710,y
261790,y
261800,y
261900,y
262011,y
262019,y
262021,y
262029,y
262030,y
262040,y
262060,y
262091,y
262099,y
262110,y
262190,y
270111,y
270112,y
270119,y
270120,y
270210,y
270220,y
270300,y
270400,y
270500,y
270600,y
270710,y
270720,y
270730,y
270740,y
270750,y
270791,y
270799,y
270810,y
270820,y
270900,y
271011,y
271019,y
271091,y
271099,y
271111,y
271112,y
271113,y
271114,y
271119,y
271121,y
271129,y
271210,y
271220,y
271290,y
271311,y
271312,y
271320,y
271390,y
271410,y
271490,y
271500,y
271600,y
280110,y
280120,y
280130,y
280200,y
280300,y
280410,y
280421,y
280429,y
280430,y
280440,y
280450,y
280461,y
280469,y
280470,y
280480,y
280490,y
280511,y
280512,y
280519,y
280530,y
280540,y
280610,y
280620,y
280700,y
280800,y
280910,y
280920,y
281000,y
281111,y
281119,y
281121,y
281122,y
281129,y
281210,y
281290,y
281310,y
281390,y
281410,y
281420,y
281511,y
281512,y
281520,y
281530,y
281610,y
281640,y
281700,y
281810,y
281820,y
281830,y
281910,y
281990,y
282010,y
282090,y
282110,y
282120,y
282200,y
282300,y
282410,y
282490,y
282510,y
282520,y
282530,y
282540,y
282550,y
282560,y
282570,y
282580,y
282590,y
282612,y
282619,y
282630,y
282690,y
282710,y
282720,y
282731,y
282732,y
282735,y
282739,y
282741,y
282749,y
282751,y
282759,y
282760,y
282810,y
282890,y
282911,y
282919,y
282990,y
283010,y
283090,y
283110,y
283190,y
283210,y
283220,y
283230,y
283311,y
283319,y
283321,y
283322,y
283324,y
283325,y
283327,y
283329,y
283330,y
283340,y
283410,y
283421,y
283429,y
283510,y
283522,y
283524,y
283525,y
283526,y
283529,y
283531,y
283539,y
283620,y
283630,y
283640,y
283650,y
283660,y
283691,y
283692,y
283699,y
283711,y
283719,y
283720,y
283911,y
283919,y
283990,y
284011,y
284019,y
284020,y
284030,y
284130,y
284150,y
284161,y
284169,y
284170,y
284180,y
284190,y
284210,y
284290,y
284310,y
284321,y
284329,y
284330,y
284390,y
284410,y
284420,y
284430,y
284440,y
284450,y
284510,y
284590,y
284610,y
284690,y
284700,y
284800,y
284910,y
284920,y
284990,y
285000,y
285200,y
285300,y
290110,y
290121,y
290122,y
290123,y
290124,y
290129,y
290211,y
290219,y
290220,y
290230,y
290241,y
290242,y
290243,y
290244,y
290250,y
290260,y
290270,y
290290,y
290311,y
290312,y
290313,y
290314,y
290315,y
290319,y
290321,y
290322,y
290323,y
290329,y
290331,y
290339,y
290341,y
290342,y
290343,y
290344,y
290345,y
290346,y
290347,y
290349,y
290351,y
290352,y
290359,y
290361,y
290362,y
290369,y
290410,y
290420,y
290490,y
290511,y
290512,y
290513,y
290514,y
290516,y
290517,y
290519,y
290522,y
290529,y
290531,y
290532,y
290539,y
290541,y
290542,y
290543,y
290544,y
290545,y
290549,y
290551,y
290559,y
290611,y
290612,y
290613,y
290619,y
290621,y
290629,y
290711,y
290712,y
290713,y
290715,y
290719,y
290721,y
290722,y
290723,y
290729,y
290811,y
290819,y
290891,y
290899,y
290911,y
290919,y
290920,y
290930,y
290941,y
290943,y
290944,y
290949,y
290950,y
290960,y
291010,y
291020,y
291030,y
291040,y
291090,y
291100,y
291211,y
291212,y
291219,y
291221,y
291229,y
291230,y
291241,y
291242,y
291249,y
291250,y
291260,y
291300,y
291411,y
291412,y
291413,y
291419,y
291421,y
291422,y
291423,y
291429,y
291431,y
291439,y
291440,y
291450,y
291461,y
291469,y
291470,y
291511,y
291512,y
291513,y
291521,y
291524,y
291529,y
291531,y
291532,y
291533,y
291536,y
291539,y
291540,y
291550,y
291560,y
291570,y
291590,y
291611,y
291612,y
291613,y
291614,y
291615,y
291619,y
291620,y
291631,y
291632,y
291634,y
291635,y
291636,y
291639,y
291711,y
291712,y
291713,y
291714,y
291719,y
291720,y
291732,y
291733,y
291734,y
291735,y
291736,y
291737,y
291739,y
291811,y
291812,y
291813,y
291814,y
291815,y
291816,y
291818,y
291819,y
291821,y
291822,y
291823,y
291829,y
291830,y
291891,y
291899,y
291910,y
291990,y
292011,y
292019,y
292090,y
292111,y
292119,y
292121,y
292122,y
292129,y
292130,y
292141,y
292142,y
292143,y
292144,y
292145,y
292146,y
292149,y
292151,y
292159,y
292211,y
292212,y
292213,y
292214,y
292219,y
292221,y
292229,y
292231,y
292239,y
292241,y
292242,y
292243,y
292244,y
292249,y
292250,y
292310,y
292320,y
292390,y
292411,y
292412,y
292419,y
292421,y
292423,y
292424,y
292429,y
292511,y
292512,y
292519,y
292521,y
292529,y
292610,y
292620,y
292630,y
292690,y
292700,y
292800,y
292910,y
292990,y
293020,y
293030,y
293040,y
293050,y
293090,y
293100,y
293211,y
293212,y
293213,y
293219,y
293221,y
293229,y
293291,y
293292,y
293293,y
293294,y
293295,y
293299,y
293311,y
293319,y
293321,y
293329,y
293331,y
293332,y
293333,y
293339,y
293341,y
293349,y
293352,y
293353,y
293354,y
293355,y
293359,y
293361,y
293369,y
293371,y
293372,y
293379,y
293391,y
293399,y
293410,y
293420,y
293430,y
293491,y
293499,y
293500,y
293621,y
293622,y
293623,y
293624,y
293625,y
293626,y
293627,y
293628,y
293629,y
293690,y
293711,y
293712,y
293719,y
293721,y
293722,y
293723,y
293729,y
293731,y
293739,y
293740,y
293750,y
293790,y
293810,y
293890,y
293911,y
293919,y
293920,y
293930,y
293941,y
293942,y
293943,y
293949,y
293951,y
293959,y
293961,y
293962,y
293963,y
293969,y
293991,y
293999,y
294000,y
294110,y
294120,y
294130,y
294140,y
294150,y
294190,y
294200,y
300120,y
300190,y
300210,y
300220,y
300230,y
300290,y
300310,y
300320,y
300331,y
300339,y
300340,y
300390,y
300510,y
300590,y
300610,y
300620,y
300630,y
300640,y
300650,y
300670,y
300692,y
310100,y
310210,y
310221,y
310229,y
310230,y
310240,y
310250,y
310260,y
310280,y
310290,y
310310,y
310390,y
310420,y
310430,y
310490,y
310510,y
310520,y
310530,y
310540,y
310551,y
310559,y
310560,y
310590,y
320110,y
320120,y
320190,y
320210,y
320290,y
320300,y
320411,y
320412,y
320413,y
320414,y
320415,y
320416,y
320417,y
320419,y
320420,y
320490,y
320500,y
320611,y
320619,y
320620,y
320641,y
320642,y
320649,y
320650,y
320710,y
320720,y
320730,y
320740,y
320810,y
320820,y
320890,y
320910,y
320990,y
321000,y
321100,y
321210,y
321290,y
321410,y
321490,y
321511,y
321519,y
321590,y
330112,y
330113,y
330119,y
330124,y
330125,y
330129,y
330130,y
330190,y
330210,y
330290,y
340211,y
340212,y
340213,y
340219,y
340290,y
340311,y
340319,y
340391,y
340399,y
340420,y
340490,y
340700,y
350110,y
350190,y
350211,y
350219,y
350220,y
350290,y
350300,y
350400,y
350510,y
350520,y
350691,y
350699,y
350710,y
350790,y
360100,y
360200,y
360300,y
360410,y
360490,y
360690,y
370110,y
370120,y
370130,y
370191,y
370199,y
370210,y
370231,y
370232,y
370239,y
370241,y
370242,y
370243,y
370244,y
370255,y
370256,y
370294,y
370295,y
370310,y
370320,y
370390,y
370400,y
370510,y
370590,y
370610,y
370690,y
370710,y
370790,y
380110,y
380120,y
380130,y
380190,y
380210,y
380290,y
380300,y
380400,y
380510,y
380590,y
380610,y
380620,y
380630,y
380690,y
380700,y
380910,y
380991,y
380992,y
380993,y
381010,y
381090,y
381111,y
381119,y
381121,y
381129,y
381190,y
381210,y
381220,y
381230,y
381300,y
381400,y
381511,y
381512,y
381519,y
381590,y
381600,y
381700,y
381800,y
381900,y
382000,y
382100,y
382200,y
382311,y
382312,y
382313,y
382319,y
382370,y
382410,y
382430,y
382440,y
382450,y
382460,y
382471,y
382472,y
382473,y
382474,y
382475,y
382476,y
382477,y
382478,y
382479,y
382481,y
382482,y
382483,y
382490,y
382510,y
382520,y
382530,y
382541,y
382549,y
382550,y
382561,y
382569,y
382590,y
390110,y
390120,y
390130,y
390190,y
390210,y
390220,y
390230,y
390290,y
390311,y
390319,y
390320,y
390330,y
390390,y
390410,y
390421,y
390422,y
390430,y
390440,y
390450,y
390461,y
390469,y
390490,y
390512,y
390519,y
390521,y
390529,y
390530,y
390591,y
390599,y
390610,y
390690,y
390710,y
390720,y
390730,y
390740,y
390750,y
390760,y
390770,y
390791,y
390799,y
390810,y
390890,y
390910,y
390920,y
390930,y
390940,y
390950,y
391000,y
391110,y
391190,y
391211,y
391212,y
391220,y
391231,y
391239,y
391290,y
391310,y
391390,y
391400,y
391510,y
391520,y
391530,y
391590,y
391610,y
391620,y
391690,y
391710,y
391721,y
391722,y
391723,y
391729,y
391731,y
391732,y
391733,y
391739,y
391740,y
391810,y
391890,y
391910,y
391990,y
392010,y
392020,y
392030,y
392043,y
392049,y
392051,y
392059,y
392061,y
392062,y
392063,y
392069,y
392071,y
392073,y
392079,y
392091,y
392092,y
392093,y
392094,y
392099,y
392111,y
392112,y
392113,y
392114,y
392119,y
392190,y
392210,y
392290,y
392310,y
392321,y
392329,y
392330,y
392340,y
392350,y
392390,y
392510,y
392520,y
392590,y
392610,y
392630,y
400110,y
400121,y
400122,y
400129,y
400130,y
400211,y
400219,y
400220,y
400231,y
400239,y
400241,y
400249,y
400251,y
400259,y
400260,y
400270,y
400280,y
400291,y
400299,y
400300,y
400400,y
400510,y
400520,y
400591,y
400599,y
400610,y
400690,y
400700,y
400811,y
400819,y
400821,y
400829,y
400911,y
400912,y
400921,y
400922,y
400931,y
400932,y
400941,y
400942,y
401011,y
401012,y
401019,y
401031,y
401032,y
401033,y
401034,y
401035,y
401036,y
401039,y
401110,y
401120,y
401130,y
401140,y
401150,y
401161,y
401162,y
401163,y
401169,y
401192,y
401193,y
401194,y
401199,y
401211,y
401212,y
401213,y
401219,y
401220,y
401290,y
401310,y
401320,y
401390,y
401490,y
401511,y
401693,y
401694,y
401699,y
401700,y
410120,y
410150,y
410190,y
410210,y
410221,y
410229,y
410320,y
410330,y
410390,y
410411,y
410419,y
410441,y
410449,y
410510,y
410530,y
410621,y
410622,y
410631,y
410632,y
410640,y
410691,y
410692,y
410711,y
410712,y
410719,y
410791,y
410792,y
410799,y
411200,y
411310,y
411320,y
411330,y
411390,y
411410,y
411420,y
411510,y
411520,y
420600,y
430110,y
430130,y
430160,y
430180,y
430190,y
430211,y
430219,y
430220,y
430230,y
440110,y
440121,y
440122,y
440130,y
440210,y
440290,y
440310,y
440320,y
440341,y
440349,y
440391,y
440392,y
440399,y
440410,y
440420,y
440500,y
440610,y
440690,y
440710,y
440721,y
440722,y
440725,y
440726,y
440727,y
440728,y
440729,y
440791,y
440792,y
440793,y
440794,y
440795,y
440799,y
440810,y
440831,y
440839,y
440890,y
440910,y
440921,y
440929,y
441011,y
441012,y
441019,y
441090,y
441112,y
441113,y
441114,y
441192,y
441193,y
441194,y
441210,y
441231,y
441232,y
441239,y
441294,y
441299,y
441300,y
441510,y
441520,y
441600,y
441700,y
441810,y
441820,y
441840,y
441850,y
441860,y
441871,y
441872,y
441879,y
441890,y
442190,y
450110,y
450190,y
450200,y
450310,y
450390,y
450410,y
450490,y
470100,y
470200,y
470311,y
470319,y
470321,y
470329,y
470411,y
470419,y
470421,y
470429,y
470500,y
470610,y
470620,y
470630,y
470691,y
470692,y
470693,y
470710,y
470720,y
470730,y
470790,y
480100,y
480210,y
480220,y
480240,y
480254,y
480255,y
480256,y
480257,y
480258,y
480261,y
480262,y
480269,y
480300,y
480411,y
480419,y
480421,y
480429,y
480431,y
480439,y
480441,y
480442,y
480449,y
480451,y
480452,y
480459,y
480511,y
480512,y
480519,y
480524,y
480525,y
480530,y
480540,y
480550,y
480591,y
480592,y
480593,y
480610,y
480620,y
480630,y
480640,y
480700,y
480810,y
480820,y
480830,y
480890,y
480920,y
480990,y
481013,y
481014,y
481019,y
481022,y
481029,y
481031,y
481032,y
481039,y
481092,y
481099,y
481110,y
481141,y
481149,y
481151,y
481159,y
481160,y
481190,y
481200,y
481320,y
481390,y
481410,y
481420,y
481490,y
481620,y
481690,y
481910,y
481920,y
481930,y
481940,y
481950,y
481960,y
482010,y
482030,y
482040,y
482090,y
482110,y
482190,y
482210,y
482290,y
482320,y
482340,y
482370,y
482390,y
490600,y
490700,y
490810,y
491110,y
491199,y
500100,y
500200,y
500300,y
500400,y
500500,y
500710,y
500720,y
500790,y
510111,y
510119,y
510121,y
510129,y
510130,y
510211,y
510219,y
510220,y
510310,y
510320,y
510330,y
510400,y
510510,y
510521,y
510529,y
510531,y
510539,y
510540,y
510610,y
510620,y
510710,y
510720,y
510810,y
510820,y
511000,y
511111,y
511119,y
511120,y
511130,y
511190,y
511211,y
511219,y
511220,y
511230,y
511290,y
511300,y
520100,y
520210,y
520291,y
520299,y
520300,y
520411,y
520419,y
520511,y
520512,y
520513,y
520514,y
520515,y
520521,y
520522,y
520523,y
520524,y
520526,y
520527,y
520528,y
520531,y
520532,y
520533,y
520534,y
520535,y
520541,y
520542,y
520543,y
520544,y
520546,y
520547,y
520548,y
520611,y
520612,y
520613,y
520614,y
520615,y
520621,y
520622,y
520623,y
520624,y
520625,y
520631,y
520632,y
520633,y
520634,y
520635,y
520641,y
520642,y
520643,y
520644,y
520645,y
520811,y
520812,y
520813,y
520819,y
520821,y
520822,y
520823,y
520829,y
520831,y
520832,y
520833,y
520839,y
520841,y
520842,y
520843,y
520849,y
520851,y
520852,y
520859,y
520911,y
520912,y
520919,y
520921,y
520922,y
520929,y
520931,y
520932,y
520939,y
520941,y
520942,y
520943,y
520949,y
520951,y
520952,y
520959,y
521011,y
521019,y
521021,y
521029,y
521031,y
521032,y
521039,y
521041,y
521049,y
521051,y
521059,y
521111,y
521112,y
521119,y
521120,y
521131,y
521132,y
521139,y
521141,y
521142,y
521143,y
521149,y
521151,y
521152,y
521159,y
521211,y
521212,y
521213,y
521214,y
521215,y
521221,y
521222,y
521223,y
521224,y
521225,y
530110,y
530121,y
530129,y
530130,y
530210,y
530290,y
530310,y
530390,y
530500,y
530610,y
530620,y
530710,y
530720,y
530810,y
530820,y
530890,y
530911,y
530919,y
530921,y
530929,y
531010,y
531090,y
531100,y
540110,y
540120,y
540211,y
540219,y
540220,y
540231,y
540232,y
540233,y
540234,y
540239,y
540244,y
540245,y
540246,y
540247,y
540248,y
540249,y
540251,y
540252,y
540259,y
540261,y
540262,y
540269,y
540310,y
540331,y
540332,y
540333,y
540339,y
540341,y
540342,y
540349,y
540411,y
540412,y
540419,y
540490,y
540500,y
540710,y
540720,y
540730,y
540741,y
540742,y
540743,y
540744,y
540751,y
540752,y
540753,y
540754,y
540761,y
540769,y
540771,y
540772,y
540773,y
540774,y
540781,y
540782,y
540783,y
540784,y
540791,y
540792,y
540793,y
540794,y
540810,y
540821,y
540822,y
540823,y
540824,y
540831,y
540832,y
540833,y
540834,y
550110,y
550120,y
550130,y
550140,y
550190,y
550200,y
550311,y
550319,y
550320,y
550330,y
550340,y
550390,y
550410,y
550490,y
550510,y
550520,y
550610,y
550620,y
550630,y
550690,y
550700,y
550810,y
550820,y
550911,y
550912,y
550921,y
550922,y
550931,y
550932,y
550941,y
550942,y
550951,y
550952,y
550953,y
550959,y
550961,y
550962,y
550969,y
550991,y
550992,y
550999,y
551011,y
551012,y
551020,y
551030,y
551090,y
551211,y
551219,y
551221,y
551229,y
551291,y
551299,y
551311,y
551312,y
551313,y
551319,y
551321,y
551323,y
551329,y
551331,y
551339,y
551341,y
551349,y
551411,y
551412,y
551419,y
551421,y
551422,y
551423,y
551429,y
551430,y
551441,y
551442,y
551443,y
551449,y
551511,y
551512,y
551513,y
551519,y
551521,y
551522,y
551529,y
551591,y
551599,y
551611,y
551612,y
551613,y
551614,y
551621,y
551622,y
551623,y
551624,y
551631,y
551632,y
551633,y
551634,y
551641,y
551642,y
551643,y
551644,y
551691,y
551692,y
551693,y
551694,y
560121,y
560122,y
560129,y
560130,y
560210,y
560221,y
560229,y
560290,y
560311,y
560312,y
560313,y
560314,y
560391,y
560392,y
560393,y
560394,y
560410,y
560490,y
560500,y
560600,y
560721,y
560729,y
560741,y
560749,y
560750,y
560790,y
560811,y
560819,y
560890,y
560900,y
580110,y
580121,y
580122,y
580123,y
580124,y
580125,y
580126,y
580131,y
580132,y
580133,y
580134,y
580135,y
580136,y
580190,y
580211,y
580219,y
580220,y
580230,y
580300,y
580410,y
580421,y
580429,y
580430,y
580610,y
580620,y
580631,y
580632,y
580639,y
580640,y
580710,y
580790,y
580810,y
580890,y
580900,y
581010,y
581091,y
581092,y
581099,y
581100,y
590110,y
590190,y
590210,y
590220,y
590290,y
590310,y
590320,y
590390,y
590500,y
590610,y
590691,y
590699,y
590700,y
590800,y
590900,y
591000,y
591110,y
591120,y
591131,y
591132,y
591140,y
591190,y
600110,y
600121,y
600122,y
600129,y
600191,y
600192,y
600199,y
600240,y
600290,y
600310,y
600320,y
600330,y
600340,y
600390,y
600410,y
600490,y
600521,y
600522,y
600523,y
600524,y
600531,y
600532,y
600533,y
600534,y
600541,y
600542,y
600543,y
600544,y
600590,y
600610,y
600621,y
600622,y
600623,y
600624,y
600631,y
600632,y
600633,y
600634,y
600641,y
600642,y
600643,y
600644,y
600690,y
630510,y
630520,y
630532,y
630533,y
630539,y
630590,y
630612,y
630619,y
630900,y
631010,y
631090,y
650100,y
650200,y
650700,y
660320,y
660390,y
670100,y
670210,y
670290,y
670300,y
680100,y
680210,y
680221,y
680223,y
680229,y
680291,y
680292,y
680293,y
680299,y
680300,y
680410,y
680421,y
680422,y
680423,y
680510,y
680520,y
680530,y
680610,y
680620,y
680690,y
680710,y
680790,y
680800,y
680911,y
680919,y
680990,y
681011,y
681019,y
681091,y
681099,y
681140,y
681181,y
681182,y
681183,y
681189,y
681280,y
681291,y
681292,y
681293,y
681299,y
681320,y
681381,y
681389,y
681410,y
681490,y
681510,y
681520,y
681591,y
681599,y
690100,y
690210,y
690220,y
690290,y
690310,y
690320,y
690390,y
690410,y
690490,y
690510,y
690590,y
690600,y
690710,y
690790,y
690810,y
690890,y
690911,y
690912,y
690919,y
690990,y
691010,y
691090,y
691410,y
691490,y
700100,y
700210,y
700220,y
700231,y
700232,y
700239,y
700312,y
700319,y
700320,y
700330,y
700420,y
700490,y
700510,y
700521,y
700529,y
700530,y
700600,y
700711,y
700719,y
700721,y
700729,y
700800,y
700910,y
700991,y
700992,y
701010,y
701020,y
701090,y
701110,y
701120,y
701190,y
701400,y
701510,y
701590,y
701610,y
701690,y
701710,y
701720,y
701790,y
701810,y
701820,y
701890,y
701911,y
701912,y
701919,y
701931,y
701932,y
701939,y
701940,y
701951,y
701952,y
701959,y
701990,y
702000,y
710110,y
710121,y
710122,y
710210,y
710221,y
710229,y
710231,y
710239,y
710310,y
710391,y
710399,y
710410,y
710420,y
710490,y
710510,y
710590,y
710610,y
710691,y
710692,y
710700,y
710811,y
710812,y
710813,y
710900,y
711011,y
711019,y
711021,y
711029,y
711031,y
711039,y
711041,y
711049,y
711100,y
711230,y
711291,y
711292,y
711299,y
711510,y
711590,y
711810,y
720110,y
720120,y
720150,y
720211,y
720219,y
720221,y
720229,y
720230,y
720241,y
720249,y
720250,y
720260,y
720270,y
720280,y
720291,y
720292,y
720293,y
720299,y
720310,y
720390,y
720410,y
720421,y
720429,y
720430,y
720441,y
720449,y
720450,y
720510,y
720521,y
720529,y
720610,y
720690,y
720711,y
720712,y
720719,y
720720,y
720810,y
720825,y
720826,y
720827,y
720836,y
720837,y
720838,y
720839,y
720840,y
720851,y
720852,y
720853,y
720854,y
720890,y
720915,y
720916,y
720917,y
720918,y
720925,y
720926,y
720927,y
720928,y
720990,y
721011,y
721012,y
721020,y
721030,y
721041,y
721049,y
721050,y
721061,y
721069,y
721070,y
721090,y
721113,y
721114,y
721119,y
721123,y
721129,y
721190,y
721210,y
721220,y
721230,y
721240,y
721250,y
721260,y
721310,y
721320,y
721391,y
721399,y
721410,y
721420,y
721430,y
721491,y
721499,y
721510,y
721550,y
721590,y
721610,y
721621,y
721622,y
721631,y
721632,y
721633,y
721640,y
721650,y
721661,y
721669,y
721691,y
721699,y
721710,y
721720,y
721730,y
721790,y
721810,y
721891,y
721899,y
721911,y
721912,y
721913,y
721914,y
721921,y
721922,y
721923,y
721924,y
721931,y
721932,y
721933,y
721934,y
721935,y
721990,y
722011,y
722012,y
722020,y
722090,y
722100,y
722211,y
722219,y
722220,y
722230,y
722240,y
722300,y
722410,y
722490,y
722511,y
722519,y
722530,y
722540,y
722550,y
722591,y
722592,y
722599,y
722611,y
722619,y
722620,y
722691,y
722692,y
722699,y
722710,y
722720,y
722790,y
722810,y
722820,y
722830,y
722840,y
722850,y
722860,y
722870,y
722880,y
722920,y
722990,y
730110,y
730120,y
730210,y
730230,y
730240,y
730290,y
730300,y
730411,y
730419,y
730422,y
730423,y
730424,y
730429,y
730431,y
730439,y
730441,y
730449,y
730451,y
730459,y
730490,y
730511,y
730512,y
730519,y
730520,y
730531,y
730539,y
730590,y
730611,y
730619,y
730621,y
730629,y
730630,y
730640,y
730650,y
730661,y
730669,y
730690,y
730711,y
730719,y
730721,y
730722,y
730723,y
730729,y
730791,y
730792,y
730793,y
730799,y
730810,y
730820,y
730830,y
730840,y
730890,y
730900,y
731010,y
731021,y
731029,y
731100,y
731210,y
731290,y
731300,y
731412,y
731414,y
731419,y
731420,y
731431,y
731439,y
731441,y
731442,y
731449,y
731450,y
731511,y
731512,y
731519,y
731520,y
731581,y
731582,y
731589,y
731590,y
731600,y
731700,y
731811,y
731812,y
731813,y
731814,y
731815,y
731816,y
731819,y
731821,y
731822,y
731823,y
731824,y
731829,y
732010,y
732020,y
732090,y
732190,y
732211,y
732219,y
732290,y
732410,y
732421,y
732429,y
732490,y
732510,y
732591,y
732599,y
732611,y
732619,y
732620,y
732690,y
740100,y
740200,y
740311,y
740312,y
740313,y
740319,y
740321,y
740322,y
740329,y
740400,y
740500,y
740610,y
740620,y
740710,y
740721,y
740729,y
740811,y
740819,y
740821,y
740822,y
740829,y
740911,y
740919,y
740921,y
740929,y
740931,y
740939,y
740940,y
740990,y
741011,y
741012,y
741021,y
741022,y
741110,y
741121,y
741122,y
741129,y
741210,y
741220,y
741300,y
741510,y
741521,y
741529,y
741533,y
741539,y
741820,y
741910,y
741991,y
741999,y
750110,y
750120,y
750210,y
750220,y
750300,y
750400,y
750511,y
750512,y
750521,y
750522,y
750610,y
750620,y
750711,y
750712,y
750720,y
750810,y
750890,y
760110,y
760120,y
760200,y
760310,y
760320,y
760410,y
760421,y
760429,y
760511,y
760519,y
760521,y
760529,y
760611,y
760612,y
760691,y
760692,y
760711,y
760719,y
760720,y
760810,y
760820,y
760900,y
761010,y
761090,y
761100,y
761210,y
761290,y
761300,y
761410,y
761490,y
761520,y
761610,y
761691,y
761699,y
780110,y
780191,y
780199,y
780200,y
780411,y
780419,y
780420,y
780600,y
790111,y
790112,y
790120,y
790200,y
790310,y
790390,y
790400,y
790500,y
790700,y
800110,y
800120,y
800200,y
800300,y
800700,y
810110,y
810194,y
810196,y
810197,y
810199,y
810210,y
810294,y
810295,y
810296,y
810297,y
810299,y
810320,y
810330,y
810390,y
810411,y
810419,y
810420,y
810430,y
810490,y
810520,y
810530,y
810590,y
810600,y
810720,y
810730,y
810790,y
810820,y
810830,y
810890,y
810920,y
810930,y
810990,y
811010,y
811020,y
811090,y
811100,y
811212,y
811213,y
811219,y
811221,y
811222,y
811229,y
811251,y
811252,y
811259,y
811292,y
811299,y
811300,y
820110,y
820120,y
820130,y
820140,y
820150,y
820160,y
820190,y
820210,y
820220,y
820231,y
820239,y
820240,y
820291,y
820299,y
820310,y
820320,y
820330,y
820340,y
820411,y
820412,y
820420,y
820510,y
820520,y
820530,y
820540,y
820559,y
820560,y
820570,y
820580,y
820590,y
820600,y
820713,y
820719,y
820720,y
820730,y
820740,y
820750,y
820760,y
820770,y
820780,y
820790,y
820810,y
820820,y
820830,y
820840,y
820890,y
820900,y
821194,y
821195,y
830110,y
830120,y
830130,y
830140,y
830150,y
830160,y
830170,y
830210,y
830220,y
830230,y
830241,y
830242,y
830249,y
830250,y
830260,y
830300,y
830400,y
830510,y
830520,y
830590,y
830610,y
830710,y
830790,y
830810,y
830820,y
830890,y
830910,y
830990,y
831000,y
831110,y
831120,y
831130,y
831190,y
840110,y
840120,y
840130,y
840140,y
840211,y
840212,y
840219,y
840220,y
840290,y
840310,y
840390,y
840410,y
840420,y
840490,y
840510,y
840590,y
840610,y
840681,y
840682,y
840690,y
840710,y
840729,y
840731,y
840732,y
840733,y
840734,y
840790,y
840810,y
840820,y
840890,y
840910,y
840991,y
840999,y
841011,y
841012,y
841013,y
841090,y
841111,y
841112,y
841121,y
841122,y
841181,y
841182,y
841191,y
841199,y
841210,y
841221,y
841229,y
841231,y
841239,y
841280,y
841290,y
841311,y
841319,y
841320,y
841330,y
841340,y
841350,y
841360,y
841370,y
841381,y
841382,y
841391,y
841392,y
841410,y
841420,y
841430,y
841440,y
841459,y
841480,y
841490,y
841520,y
841581,y
841582,y
841583,y
841590,y
841610,y
841620,y
841630,y
841690,y
841710,y
841720,y
841780,y
841790,y
841850,y
841861,y
841869,y
841891,y
841899,y
841911,y
841919,y
841920,y
841931,y
841932,y
841939,y
841940,y
841950,y
841960,y
841981,y
841989,y
841990,y
842010,y
842091,y
842099,y
842111,y
842112,y
842119,y
842121,y
842122,y
842123,y
842129,y
842131,y
842139,y
842191,y
842199,y
842219,y
842220,y
842230,y
842240,y
842290,y
842320,y
842330,y
842381,y
842382,y
842389,y
842390,y
842410,y
842420,y
842430,y
842481,y
842489,y
842490,y
842511,y
842519,y
842531,y
842539,y
842541,y
842542,y
842549,y
842611,y
842612,y
842619,y
842620,y
842630,y
842641,y
842649,y
842691,y
842699,y
842710,y
842720,y
842790,y
842810,y
842820,y
842831,y
842832,y
842833,y
842839,y
842840,y
842860,y
842890,y
842911,y
842919,y
842920,y
842930,y
842940,y
842951,y
842952,y
842959,y
843010,y
843020,y
843031,y
843039,y
843041,y
843049,y
843050,y
843061,y
843069,y
843110,y
843120,y
843131,y
843139,y
843141,y
843142,y
843143,y
843149,y
843210,y
843221,y
843229,y
843230,y
843240,y
843280,y
843290,y
843320,y
843330,y
843340,y
843351,y
843352,y
843353,y
843359,y
843360,y
843390,y
843410,y
843420,y
843490,y
843510,y
843590,y
843610,y
843621,y
843629,y
843680,y
843691,y
843699,y
843710,y
843780,y
843790,y
843810,y
843820,y
843830,y
843840,y
843850,y
843860,y
843880,y
843890,y
843910,y
843920,y
843930,y
843991,y
843999,y
844010,y
844090,y
844110,y
844120,y
844130,y
844140,y
844180,y
844190,y
844230,y
844240,y
844250,y
844311,y
844312,y
844313,y
844314,y
844315,y
844316,y
844317,y
844319,y
844331,y
844332,y
844339,y
844391,y
844399,y
844400,y
844511,y
844512,y
844513,y
844519,y
844520,y
844530,y
844540,y
844590,y
844610,y
844621,y
844629,y
844630,y
844711,y
844712,y
844720,y
844790,y
844811,y
844819,y
844820,y
844831,y
844832,y
844833,y
844839,y
844842,y
844849,y
844851,y
844859,y
844900,y
845020,y
845090,y
845110,y
845129,y
845130,y
845140,y
845150,y
845180,y
845190,y
845221,y
845229,y
845230,y
845240,y
845290,y
845310,y
845320,y
845380,y
845390,y
845410,y
845420,y
845430,y
845490,y
845510,y
845521,y
845522,y
845530,y
845590,y
845610,y
845620,y
845630,y
845690,y
845710,y
845720,y
845730,y
845811,y
845819,y
845891,y
845899,y
845910,y
845921,y
845929,y
845931,y
845939,y
845940,y
845951,y
845959,y
845961,y
845969,y
845970,y
846011,y
846019,y
846021,y
846029,y
846031,y
846039,y
846040,y
846090,y
846120,y
846130,y
846140,y
846150,y
846190,y
846210,y
846221,y
846229,y
846231,y
846239,y
846241,y
846249,y
846291,y
846299,y
846310,y
846320,y
846330,y
846390,y
846410,y
846420,y
846490,y
846510,y
846591,y
846592,y
846593,y
846594,y
846595,y
846596,y
846599,y
846610,y
846620,y
846630,y
846691,y
846692,y
846693,y
846694,y
846711,y
846719,y
846721,y
846722,y
846729,y
846781,y
846789,y
846791,y
846792,y
846799,y
846810,y
846820,y
846880,y
846890,y
846900,y
847021,y
847029,y
847030,y
847050,y
847090,y
847130,y
847141,y
847149,y
847150,y
847160,y
847170,y
847180,y
847190,y
847210,y
847230,y
847290,y
847310,y
847321,y
847329,y
847330,y
847340,y
847350,y
847410,y
847420,y
847431,y
847432,y
847439,y
847480,y
847490,y
847510,y
847521,y
847529,y
847590,y
847621,y
847629,y
847681,y
847689,y
847690,y
847710,y
847720,y
847730,y
847740,y
847751,y
847759,y
847780,y
847790,y
847810,y
847890,y
847910,y
847920,y
847930,y
847940,y
847950,y
847960,y
847981,y
847982,y
847989,y
847990,y
848010,y
848020,y
848030,y
848041,y
848049,y
848050,y
848060,y
848071,y
848079,y
848110,y
848120,y
848130,y
848140,y
848180,y
848190,y
848210,y
848220,y
848230,y
848240,y
848250,y
848280,y
848291,y
848299,y
848310,y
848320,y
848330,y
848340,y
848350,y
848360,y
848390,y
848410,y
848420,y
848490,y
848610,y
848620,y
848630,y
848640,y
848690,y
848710,y
848790,y
850110,y
850120,y
850131,y
850132,y
850133,y
850134,y
850140,y
850151,y
850152,y
850153,y
850161,y
850162,y
850163,y
850164,y
850211,y
850212,y
850213,y
850220,y
850231,y
850239,y
850240,y
850300,y
850410,y
850421,y
850422,y
850423,y
850431,y
850432,y
850433,y
850434,y
850440,y
850450,y
850490,y
850511,y
850519,y
850520,y
850590,y
850690,y
850710,y
850720,y
850730,y
850740,y
850780,y
850790,y
850870,y
850990,y
851090,y
851110,y
851120,y
851130,y
851140,y
851150,y
851180,y
851190,y
851210,y
851220,y
851230,y
851240,y
851290,y
851310,y
851390,y
851410,y
851420,y
851430,y
851440,y
851490,y
851511,y
851519,y
851521,y
851529,y
851531,y
851539,y
851580,y
851590,y
851610,y
851633,y
851680,y
851690,y
851712,y
851718,y
851761,y
851762,y
851769,y
851770,y
851810,y
851821,y
851822,y
851829,y
851830,y
851840,y
851850,y
851890,y
852110,y
852190,y
852210,y
852290,y
852352,y
852359,y
852380,y
852550,y
852560,y
852610,y
852691,y
852692,y
852721,y
852729,y
852791,y
852792,y
852799,y
852841,y
852849,y
852851,y
852859,y
852861,y
852873,y
852910,y
852990,y
853010,y
853080,y
853090,y
853110,y
853120,y
853180,y
853190,y
853210,y
853221,y
853222,y
853223,y
853224,y
853225,y
853229,y
853230,y
853290,y
853310,y
853321,y
853329,y
853331,y
853339,y
853340,y
853390,y
853400,y
853510,y
853521,y
853529,y
853530,y
853540,y
853590,y
853610,y
853620,y
853630,y
853641,y
853649,y
853650,y
853661,y
853669,y
853690,y
853710,y
853720,y
853810,y
853890,y
853910,y
853929,y
853931,y
853932,y
853939,y
853941,y
853949,y
853990,y
854011,y
854012,y
854020,y
854040,y
854050,y
854060,y
854071,y
854072,y
854079,y
854081,y
854089,y
854091,y
854099,y
854110,y
854121,y
854129,y
854130,y
854140,y
854150,y
854160,y
854190,y
854231,y
854232,y
854233,y
854239,y
854290,y
854310,y
854320,y
854330,y
854370,y
854390,y
854411,y
854419,y
854420,y
854430,y
854442,y
854449,y
854460,y
854470,y
854511,y
854519,y
854520,y
854590,y
854610,y
854620,y
854690,y
854710,y
854720,y
854790,y
854810,y
854890,y
860110,y
860120,y
860210,y
860290,y
860310,y
860390,y
860400,y
860500,y
860610,y
860630,y
860691,y
860692,y
860699,y
860711,y
860712,y
860719,y
860721,y
860729,y
860730,y
860791,y
860799,y
860800,y
860900,y
870110,y
870120,y
870130,y
870190,y
870210,y
870290,y
870321,y
870322,y
870323,y
870324,y
870331,y
870332,y
870333,y
870390,y
870410,y
870421,y
870422,y
870423,y
870431,y
870432,y
870490,y
870510,y
870520,y
870530,y
870540,y
870590,y
870600,y
870710,y
870790,y
870810,y
870821,y
870829,y
870830,y
870840,y
870850,y
870870,y
870880,y
870891,y
870892,y
870893,y
870894,y
870895,y
870899,y
870911,y
870919,y
870990,y
871000,y
871411,y
871419,y
871420,y
871491,y
871492,y
871493,y
871494,y
871495,y
871496,y
871499,y
871620,y
871631,y
871639,y
871640,y
871680,y
871690,y
880211,y
880212,y
880230,y
880240,y
880260,y
880310,y
880320,y
880330,y
880390,y
880400,y
880510,y
880521,y
880529,y
890110,y
890120,y
890130,y
890190,y
890200,y
890400,y
890510,y
890520,y
890590,y
890610,y
890690,y
890790,y
890800,y
900110,y
900120,y
900140,y
900150,y
900190,y
900211,y
900219,y
900220,y
900290,y
900311,y
900319,y
900390,y
900580,y
900590,y
900610,y
900630,y
900640,y
900661,y
900669,y
900691,y
900699,y
900719,y
900720,y
900791,y
900792,y
900820,y
900830,y
900840,y
900890,y
901010,y
901050,y
901060,y
901090,y
901110,y
901120,y
901180,y
901190,y
901210,y
901290,y
901310,y
901320,y
901380,y
901390,y
901410,y
901420,y
901480,y
901490,y
901510,y
901520,y
901530,y
901540,y
901580,y
901590,y
901600,y
901710,y
901720,y
901730,y
901780,y
901790,y
901811,y
901812,y
901813,y
901814,y
901819,y
901820,y
901831,y
901832,y
901839,y
901841,y
901849,y
901850,y
901890,y
901910,y
901920,y
902000,y
902212,y
902213,y
902214,y
902219,y
902221,y
902229,y
902230,y
902290,y
902300,y
902410,y
902480,y
902490,y
902511,y
902519,y
902580,y
902590,y
902610,y
902620,y
902680,y
902690,y
902710,y
902720,y
902730,y
902750,y
902780,y
902790,y
902810,y
902820,y
902830,y
902890,y
902910,y
902920,y
902990,y
903010,y
903020,y
903031,y
903032,y
903033,y
903039,y
903040,y
903082,y
903084,y
903089,y
903090,y
903110,y
903120,y
903141,y
903149,y
903180,y
903190,y
903210,y
903220,y
903281,y
903289,y
903290,y
903300,y
910400,y
910610,y
910690,y
910700,y
910811,y
910812,y
910819,y
910820,y
910890,y
910911,y
910919,y
910990,y
911011,y
911012,y
911019,y
911090,y
911110,y
911120,y
911180,y
911190,y
911220,y
911290,y
911410,y
911420,y
911430,y
911440,y
911490,y
920930,y
920991,y
920992,y
920994,y
920999,y
930111,y
930119,y
930120,y
930190,y
930200,y
930390,y
930510,y
930521,y
930529,y
930591,y
930599,y
930621,y
930629,y
930630,y
930690,y
930700,y
940110,y
940120,y
940130,y
940180,y
940190,y
940210,y
940290,y
940310,y
940320,y
940330,y
940381,y
940389,y
940510,y
940540,y
940550,y
940560,y
940591,y
940592,y
940599,y
940600,y
950430,y
950490,y
950810,y
950890,y
960310,y
960340,y
960350,y
960390,y
960400,y
960610,y
960621,y
960622,y
960629,y
960630,y
960711,y
960719,y
960720,y
960860,y
960891,y
960899,y
961100,y
961210,y
961220,y
961390,y
961800,y
