year,iso, country_name,occurrence,Total deaths,Injured,Affected,Homeless,Total affected,Total damage
2008,AFG,Afghanistan,4,1334,182,452602,180,452964,
2008,DZA,Algeria,1,93,50,59000,,59050,348000
2008,AGO,Angola,3,370,,98837,,98837,
2008,ATG,Antigua and Barbuda,1,,,25800,,25800,
2008,ARG,Argentina,2,,,85000,,85000,
2008,AUS,Australia,5,8,,20400,,20400,2515000
2008,AUT,Austria,1,4,,,,,500000
2008,BHS,Bahamas (the),2,,,3000,,3000,
2008,BGD,Bangladesh,5,68,452,600000,35638,636090,
2008,BEL,Belgium,1,,,,,,
2008,BLZ,Belize,2,8,,48000,,48000,9697
2008,BEN,Benin,4,48,,159223,,159223,
2008,BOL,Bolivia (Plurinational State of),4,27,,41357,,41357,
2008,BWA,Botswana,1,2,,15,,15,
2008,BRA,Brazil,6,326,27,1913630,3035,1916692,1110000
2008,BGR,Bulgaria,1,10,,,,,
2008,BFA,Burkina Faso,4,556,18,53560,4292,57870,
2008,BDI,Burundi,3,9,5,85770,,85775,
2008,CMR,Cameroon,1,9,,24000,1000,25000,
2008,CAN,Canada,2,,,2400,,2400,
2008,CYM,Cayman Islands (the),2,,,,,,
2008,CAF,Central African Republic,1,,,,795,795,
2008,TCD,Chad,3,22,,9755,6450,16205,
2008,CHL,Chile,3,9,,129755,23000,152755,23000
2008,CHN,China,30,88450,368719,136193000,414235,136975954,111233000
2008,COL,Colombia,8,153,168,1222351,1700,1224219,10000
2008,COD,Congo (the Democratic Republic of the),3,36,10,17355,500,17865,7000
2008,COG,Congo (the),2,26,103,527,,630,
2008,CRI,Costa Rica,4,11,,209498,,209498,
2008,CIV,Côte d’Ivoire,2,50,,450,,450,
2008,CUB,Cuba,5,7,19,519445,,519464,3572000
2008,CZE,Czech Republic (the),1,2,,,,,50000
2008,DJI,Djibouti,1,,,340000,,340000,
2008,DOM,Dominican Republic (the),3,13,2,17000,,17002,
2008,ECU,Ecuador,1,41,,275000,14122,289122,1000000
2008,EGY,Egypt,1,98,72,,625,697,
2008,SLV,El Salvador,2,30,,3000,,3000,
2008,ERI,Eritrea,1,,,1700000,,1700000,
2008,ETH,Ethiopia,5,65,35,6518729,810,6519574,
2008,FJI,Fiji,1,7,,,,,30000
2008,FRA,France,3,5,6,2100,600,2706,80000
2008,GMB,Gambia (the),2,,,300,400,700,
2008,DEU,Germany,2,8,,,,,2700000
2008,GHA,Ghana,1,,,58000,,58000,
2008,GRC,Greece,1,2,240,3468,,3708,
2008,GTM,Guatemala,4,74,,197300,,197300,
2008,GIN,Guinea,1,,,4200,,4200,
2008,GNB,Guinea-Bissau,2,221,,14004,750,14754,
2008,GUY,Guyana,1,,,100000,,100000,
2008,HTI,Haiti,4,698,86,246160,30,246276,
2008,HND,Honduras,2,67,7,313350,,313357,
2008,HKG,Hong Kong,3,2,207,,,207,380
2008,HUN,Hungary,1,17,500,,,500,
2008,IND,India,11,1808,50,11589018,2400000,13989068,170000
2008,IDN,Indonesia,17,144,162,484440,2920,487522,1733
2008,IRN,Iran (Islamic Republic of),5,56,295,21900,,22195,
2008,IRQ,Iraq,2,15,,892,600,1492,
2008,ITA,Italy,3,9,,300,,300,278000
2008,JAM,Jamaica,2,13,,4000,,4000,66198
2008,JPN,Japan,3,29,651,50270,,50921,277000
2008,KAZ,Kazakhstan,1,1,,13000,,13000,130000
2008,KEN,Kenya,9,112,20,3862438,,3862458,
2008,KIR,Kiribati,1,,,,85,85,
2008,KOR,Korea (the Republic of),1,10,13,,,13,
2008,KGZ,Kyrgyzstan,2,74,142,3000,1055,4197,
2008,LAO,Lao People's Democratic Republic (the),1,6,,204190,,204190,
2008,LSO,Lesotho,1,,,4500,,4500,
2008,LBR,Liberia,1,,,,340,340,
2008,MDG,Madagascar,5,125,580,1058768,194338,1253686,60000
2008,MWI,Malawi,2,113,,21649,,21649,
2008,MYS,Malaysia,2,,,8000,,8000,
2008,MLI,Mali,1,,,,2500,2500,
2008,MHL,Marshall Islands (the),1,,,600,,600,
2008,MEX,Mexico,3,36,,520000,,520000,75000
2008,FSM,Micronesia (Federated States of),1,,,,,,
2008,MDA,Moldova (the Republic of),1,3,,4000,,4000,
2008,MNG,Mongolia,2,52,,3151,,3151,
2008,MAR,Morocco,2,39,,20000,,20000,
2008,MOZ,Mozambique,5,238,36,687810,58000,745846,20000
2008,MMR,Myanmar,1,138366,20000,2400000,,2420000,4000000
2008,NAM,Namibia,2,51,,65203,,65203,
2008,NPL,Nepal,2,115,3,250000,,250003,29
2008,NLD,Netherlands (the),1,,,,,,
2008,NIC,Nicaragua,3,30,,39188,,39188,
2008,NER,Niger (the),3,180,,34805,,34805,
2008,NGA,Nigeria,3,178,,66,,66,
2008,NOR,Norway,1,,100,,,100,
2008,PAK,Pakistan,4,249,332,365752,,366084,113000
2008,PSE,"Palestine, State of",1,,,,,,
2008,PAN,Panama,2,28,5,23832,,23837,10000
2008,PNG,Papua New Guinea,3,10,,75300,,75300,
2008,PRY,Paraguay,5,12,,71612,,71612,
2008,PER,Peru,1,40,12,450000,,450012,
2008,PHL,Philippines (the),20,959,1015,8404236,54645,8459896,481202
2008,POL,Poland,2,84,10,1050,,1060,50000
2008,PRT,Portugal,1,2,,72,38,110,
2008,ROU,Romania,2,5,,11090,,11090,
2008,RUS,Russian Federation (the),1,13,100,5135,,5235,
2008,RWA,Rwanda,2,36,694,11295,,11989,
2008,SEN,Senegal,1,1,,23600,,23600,
2008,SLE,Sierra Leone,1,170,,1746,,1746,
2008,SOM,Somalia,3,13,,3352663,,3352663,
2008,ZAF,South Africa,4,115,101,16752,3500,20353,431264
2008,SSD,South Sudan,3,17,,92791,,92791,
2008,LKA,Sri Lanka,4,57,,826905,,826905,
2008,SDN,Sudan (the),2,15,,212,,212,
2008,SUR,Suriname,1,2,,6548,,6548,
2008,SWZ,Swaziland,1,,,2500,,2500,
2008,SYR,Syrian Arab Republic,1,,,1300000,,1300000,
2008,TWN,Taiwan (Province of China),5,54,88,,,88,142400
2008,TJK,Tajikistan,2,,,2800000,,2800000,840000
2008,TZA,"Tanzania, United Republic of",4,73,22,8170,1942,10134,
2008,THA,Thailand,6,39,,11572157,1000,11573157,27844
2008,TGO,Togo,2,12,79,45421,,45500,
2008,TUR,Turkey,1,2,,,300,300,
2008,TCA,Turks and Caicos Islands (the),3,4,,1500,,1500,500000
2008,UGA,Uganda,3,77,40,1130388,,1130428,
2008,UKR,Ukraine,1,38,,224725,,224725,1000000
2008,GBR,United Kingdom of Great Britain and Northern Irela,3,8,,3300,,3300,50000
2008,USA,United States of America (the),22,303,768,13390150,300,13391218,57864000
2008,VUT,Vanuatu,1,,,9000,,9000,
2008,VEN,Venezuela (Bolivarian Republic of),1,8,,1500,,1500,
2008,VNM,Viet Nam,10,411,163,776330,12660,789153,673500
2008,YEM,Yemen,1,90,64,25000,,25064,400000
2008,ZMB,Zambia,2,177,,23312,,23312,
2008,ZWE,Zimbabwe,1,4276,,98349,,98349,
2009,AFG,Afghanistan,5,101,86,62521,3250,65857,20000
2009,ALB,Albania,2,,,6600,150,6750,
2009,DZA,Algeria,2,48,48,,2500,2548,
2009,ASM,American Samoa,1,34,,2500,,2500,
2009,AGO,Angola,5,178,,245938,5065,251003,
2009,ARG,Argentina,6,29,24,67494,,67518,15000
2009,AUS,Australia,6,535,2500,34054,,36554,1510000
2009,AUT,Austria,4,3,,,,,700000
2009,AZE,Azerbaijan,1,,,5000,,5000,
2009,BGD,Bangladesh,6,348,7187,4497363,,4504550,270000
2009,BEL,Belgium,1,1,,,,,
2009,BEN,Benin,3,10,,120457,,120457,
2009,BTN,Bhutan,2,23,12,,,12,
2009,BOL,Bolivia (Plurinational State of),1,,,63000,,63000,
2009,BIH,Bosnia and Herzegovina,3,1,,13730,,13730,
2009,BWA,Botswana,3,,,5056,,5056,
2009,BRA,Brazil,10,191,64,1988937,3150,1992151,745000
2009,BFA,Burkina Faso,3,398,1000,153392,,154392,150000
2009,BDI,Burundi,2,,,188000,,188000,
2009,CPV,Cabo Verde,2,9,,20297,,20297,
2009,KHM,Cambodia,2,19,91,178000,,178091,
2009,CMR,Cameroon,1,109,1456,,,1456,
2009,CAN,Canada,3,2,3,200,,203,500000
2009,CAF,Central African Republic,3,4,,9137,14835,23972,
2009,TCD,Chad,4,108,,2407991,5795,2413786,
2009,CHN,China,26,582,953,128603348,158450,128762751,9031552
2009,COL,Colombia,3,53,7,31250,593,31850,
2009,COM,Comoros (the),1,2,,2500,,2500,
2009,COD,Congo (the Democratic Republic of the),6,209,,20909,125,21034,
2009,COK,Cook Islands (the),1,,,1247,,1247,
2009,CRI,Costa Rica,1,31,91,128527,,128618,200000
2009,CIV,Côte d’Ivoire,1,27,6,,10000,10006,
2009,CZE,Czech Republic (the),2,15,12,14450,,14462,150000
2009,DOM,Dominican Republic (the),3,32,,17835,,17835,52403
2009,ECU,Ecuador,2,3,2,119305,,119307,1700
2009,SLV,El Salvador,3,282,,79598,15000,94598,966000
2009,ETH,Ethiopia,2,135,,6213652,,6213652,
2009,FJI,Fiji,2,14,,14401,,14401,56547
2009,FRA,France,5,18,200,,,200,3200000
2009,GAB,Gabon,1,,,,800,800,
2009,GMB,Gambia (the),2,5,,16608,,16608,
2009,GEO,Georgia,1,,6,7300,,7306,
2009,DEU,Germany,4,16,,,,,70000
2009,GHA,Ghana,2,40,,159545,,159545,
2009,GRC,Greece,2,,,715,325,1040,
2009,GTM,Guatemala,3,36,,2512837,991,2513828,
2009,GIN,Guinea,1,2,,40000,,40000,
2009,HTI,Haiti,3,21,,2796,9910,12706,
2009,HND,Honduras,3,14,136,106771,,106907,100000
2009,HKG,Hong Kong,1,,50,300,,350,
2009,IND,India,17,2204,118,11092521,4000,11096639,2734000
2009,IDN,Indonesia,12,1485,3623,2873550,,2877173,2381000
2009,IRN,Iran (Islamic Republic of),1,,269,,,269,
2009,IRQ,Iraq,1,2,,3000,,3000,
2009,IRL,Ireland,1,,,,,,
2009,ITA,Italy,5,335,1140,,60000,61140,2635000
2009,JPN,Japan,5,61,438,32400,,32838,1400000
2009,KEN,Kenya,5,307,,146646,,146646,
2009,KGZ,Kyrgyzstan,1,,,2000000,,2000000,
2009,LAO,Lao People's Democratic Republic (the),2,26,91,128796,,128887,100000
2009,LBR,Liberia,2,2,,500584,,500584,
2009,MDG,Madagascar,4,27,10,123389,8102,131501,5000
2009,MWI,Malawi,3,66,186,11461,20550,32197,
2009,MYS,Malaysia,2,,,10875,,10875,
2009,MLI,Mali,2,35,16,20476,,20492,
2009,MRT,Mauritania,1,1,,10000,,10000,
2009,MEX,Mexico,8,32,14,293857,,293871,40000
2009,MNG,Mongolia,2,31,7,784106,,784113,62094
2009,MNE,Montenegro,1,,,450,,450,
2009,MAR,Morocco,2,29,20,9500,,9520,
2009,MOZ,Mozambique,4,198,3,27301,6500,33804,3000
2009,MMR,Myanmar,1,24,,1351,,1351,
2009,NAM,Namibia,1,92,,350000,,350000,
2009,NPL,Nepal,6,459,62,619598,,619660,60000
2009,NIC,Nicaragua,4,8,,28832,,28832,
2009,NER,Niger (the),3,172,,7983642,,7983642,
2009,NGA,Nigeria,4,1752,,185255,,185255,
2009,PAK,Pakistan,3,102,80,75000,,75080,
2009,PAN,Panama,1,,,4248,,4248,
2009,PNG,Papua New Guinea,4,211,,7391,,7391,
2009,PRY,Paraguay,4,8,,212759,,212759,820
2009,PER,Peru,7,577,24709,251177,150,276036,
2009,PHL,Philippines (the),25,1307,900,13351474,110,13352484,962107
2009,POL,Poland,3,307,82,150,,232,100000
2009,PRT,Portugal,1,,,,,,
2009,ROU,Romania,4,65,24,,,24,
2009,WSM,Samoa,1,148,310,5274,,5584,124040
2009,SAU,Saudi Arabia,1,161,,,10000,10000,900000
2009,SEN,Senegal,1,6,,264000,,264000,
2009,SRB,Serbia,2,,500,3210,,3710,
2009,SLE,Sierra Leone,1,103,15,1455,,1470,
2009,SLB,Solomon Islands,1,21,,7000,,7000,
2009,SOM,Somalia,1,,,1750,,1750,
2009,ZAF,South Africa,4,33,,20300,,20300,15000
2009,SSD,South Sudan,1,,,4300000,,4300000,
2009,ESP,Spain,2,20,,,,,1900000
2009,LKA,Sri Lanka,4,349,,355007,60000,415007,
2009,SDN,Sudan (the),1,20,,111455,,111455,
2009,CHE,Switzerland,1,,,,,,1000000
2009,TWN,Taiwan (Province of China),1,630,46,2307477,,2307523,250000
2009,TJK,Tajikistan,1,21,,15000,,15000,1000
2009,TZA,"Tanzania, United Republic of",4,50,,51205,,51205,
2009,THA,Thailand,1,15,,200000,,200000,
2009,TGO,Togo,1,,,,,,
2009,TON,Tonga,1,9,7,500,,507,9500
2009,TUN,Tunisia,1,17,8,,,8,
2009,TUR,Turkey,4,62,31,35106,,35137,550000
2009,UGA,Uganda,2,17,,544,,544,
2009,UKR,Ukraine,2,32,,,,,
2009,GBR,United Kingdom of Great Britain and Northern Irela,3,8,47,4080,,4127,484000
2009,USA,United States of America (the),17,145,247,9750,1326,11323,12256000
2009,URY,Uruguay,1,1,,4000,,4000,
2009,VUT,Vanuatu,2,,,1350,,1350,
2009,VEN,Venezuela (Bolivarian Republic of),1,,,,,,
2009,VNM,Viet Nam,6,356,1006,3607820,108635,3717461,1065200
2009,YEM,Yemen,1,11,,,,,
2009,ZMB,Zambia,2,118,,620012,,620012,
2009,ZWE,Zimbabwe,2,55,,1346,,1346,
2010,AFG,Afghanistan,5,350,200,45000,1000,46200,
2010,ALB,Albania,1,,,14000,,14000,
2010,AGO,Angola,3,25,31,110875,78875,189781,
2010,ATG,Antigua and Barbuda,1,,,5000,,5000,12600
2010,ARG,Argentina,1,42,,,,,
2010,AUS,Australia,8,36,,186000,,186000,10129000
2010,AZE,Azerbaijan,1,3,,70000,,70000,
2010,BGD,Bangladesh,6,107,350,887040,,887390,
2010,BRB,Barbados,2,,,2500,,2500,
2010,BEL,Belgium,3,4,,690,,690,398146
2010,BLZ,Belize,1,,,,,,
2010,BEN,Benin,4,71,1000,681037,150000,832037,
2010,BOL,Bolivia (Plurinational State of),5,59,,315596,300,315896,100000
2010,BIH,Bosnia and Herzegovina,3,5,,34910,,34910,87000
2010,BRA,Brazil,5,395,403,293535,13000,306938,802000
2010,BGR,Bulgaria,2,3,,90,,90,
2010,BFA,Burkina Faso,2,857,,139322,,139322,176
2010,BDI,Burundi,3,9,,1990,1500,3490,
2010,KHM,Cambodia,1,8,,,,,70000
2010,CMR,Cameroon,2,528,95,7869,3000,10964,
2010,CAN,Canada,1,,,,,,
2010,CAF,Central African Republic,1,3,,1585,,1585,
2010,TCD,Chad,4,263,,149898,,149898,
2010,CHL,Chile,2,562,10334,1861372,800000,2671706,30000000
2010,CHN,China,26,7186,13552,180286500,356625,180656677,22675436
2010,COL,Colombia,6,624,463,2796297,,2796760,1000000
2010,COD,Congo (the Democratic Republic of the),6,110,7,73042,5730,78779,
2010,COG,Congo (the),1,219,,524,,524,
2010,COK,Cook Islands (the),1,,8,2194,,2202,
2010,CRI,Costa Rica,2,27,,3106,,3106,
2010,CIV,Côte d’Ivoire,2,18,,6425,,6425,
2010,HRV,Croatia,3,,,1110,,1110,80000
2010,CZE,Czech Republic (the),4,23,,1400,,1400,347560
2010,DNK,Denmark,1,,,,,,
2010,DJI,Djibouti,1,,,200258,,200258,
2010,DOM,Dominican Republic (the),4,137,,64521,,64521,
2010,ECU,Ecuador,4,18,,12940,500,13440,
2010,EGY,Egypt,3,58,40,3500,,3540,
2010,SLV,El Salvador,3,17,3,9217,2800,12020,20000
2010,ETH,Ethiopia,3,35,,81667,,81667,
2010,FJI,Fiji,1,2,,39101,,39101,39427
2010,FRA,France,4,81,79,500000,,500079,5730000
2010,PYF,French Polynesia,1,1,11,3400,,3411,11000
2010,GAB,Gabon,4,,,4081,,4081,
2010,GMB,Gambia (the),2,9,,38961,,38961,
2010,DEU,Germany,4,8,,,,,1000000
2010,GHA,Ghana,3,90,,17274,,17274,
2010,GRC,Greece,1,1,,150,,150,
2010,GRD,Grenada,1,,,,,,
2010,GLP,Guadeloupe,1,,,33000,,33000,
2010,GTM,Guatemala,6,227,210,405058,50640,455908,1150000
2010,GIN,Guinea,2,8,6,48020,,48026,
2010,GNB,Guinea-Bissau,1,2,,56792,,56792,
2010,GUY,Guyana,1,,,,,,14700
2010,HTI,Haiti,7,229549,577520,3736706,,4314226,8000000
2010,HND,Honduras,5,211,14,48673,7998,56685,90000
2010,HKG,Hong Kong,1,1,,15000,,15000,
2010,HUN,Hungary,1,1,,2000,,2000,440000
2010,ISL,Iceland,1,,,,,,
2010,IND,India,18,1344,305,3372183,907000,4279488,2149000
2010,IDN,Indonesia,12,1294,4309,216133,4830,225272,78000
2010,IRN,Iran (Islamic Republic of),6,11,535,750,3500,4785,
2010,ISR,Israel,2,46,22,20000,,20022,270000
2010,ITA,Italy,3,3,5,300,,305,872000
2010,JAM,Jamaica,1,15,26,2480,,2506,150000
2010,JPN,Japan,2,180,,15000,,15000,
2010,KAZ,Kazakhstan,2,44,700,23500,5000,29200,34576
2010,KEN,Kenya,5,261,,215044,,215044,
2010,PRK,Korea (the Democratic People's Republic of),3,20,,95785,,95785,
2010,KOR,Korea (the Republic of),1,12,,41500,,41500,
2010,KGZ,Kyrgyzstan,2,,141,8350,,8491,
2010,LBR,Liberia,1,1,,15486,,15486,
2010,LTU,Lithuania,2,9,,,,,
2010,LUX,Luxembourg,1,,,,,,31000
2010,MDG,Madagascar,2,120,132,2492000,,2492132,
2010,MWI,Malawi,1,,,21290,,21290,
2010,MLI,Mali,3,,,632000,,632000,
2010,MTQ,Martinique,1,13,,29200,,29200,
2010,MRT,Mauritania,2,,,846750,,846750,
2010,MEX,Mexico,9,182,232,1600075,,1600307,7066000
2010,MDA,Moldova (the Republic of),1,1,,12000,,12000,
2010,MNE,Montenegro,2,,,6350,,6350,
2010,MAR,Morocco,2,42,9,77000,,77009,29000
2010,MOZ,Mozambique,3,49,,480188,,480188,
2010,MMR,Myanmar,2,113,49,405000,,405049,57000
2010,NAM,Namibia,1,8,,110000,,110000,
2010,NPL,Nepal,4,223,,13372,,13372,
2010,NLD,Netherlands (the),1,,,,,,28000
2010,NZL,New Zealand,1,,2,300000,,300002,6500000
2010,NIC,Nicaragua,5,87,,76255,,76255,
2010,NER,Niger (the),4,108,,227828,6615,234443,
2010,NGA,Nigeria,3,1912,200,1543287,,1543487,30000
2010,OMN,Oman,1,16,,,,,1000000
2010,PAK,Pakistan,7,2186,3018,20394883,,20397901,9598000
2010,PSE,"Palestine, State of",1,,,,500,500,
2010,PAN,Panama,4,15,299,32642,,32941,
2010,PRY,Paraguay,1,12,,,,,
2010,PER,Peru,4,510,54,169303,1000,170357,
2010,PHL,Philippines (the),15,1113,124096,5457411,,5581507,335087
2010,POL,Poland,3,219,,100700,,100700,3080000
2010,PRT,Portugal,3,46,18,600,,618,1620000
2010,ROU,Romania,2,78,,12237,,12237,1111428
2010,RUS,Russian Federation (the),8,55844,1007,53464,1200,55671,3666000
2010,RWA,Rwanda,2,21,17,,5920,5937,
2010,LCA,Saint Lucia,3,14,,183000,,183000,500
2010,VCT,Saint Vincent and the Grenadines,2,,,6000,100,6100,25000
2010,SAU,Saudi Arabia,2,24,,85,,85,
2010,SEN,Senegal,2,2,63,102453,,102516,
2010,SRB,Serbia,6,9,120,30340,1470,31930,132260
2010,SLE,Sierra Leone,2,16,5,234,,239,
2010,SVK,Slovakia,3,126,,850,,850,25000
2010,SLB,Solomon Islands,3,2,2,17141,590,17733,
2010,SOM,Somalia,3,20011,,4016000,200,4016200,
2010,ZAF,South Africa,1,40,,6000,,6000,
2010,SSD,South Sudan,2,,,290000,,290000,
2010,ESP,Spain,2,5,,30,,30,340000
2010,LKA,Sri Lanka,2,35,10,770255,,770265,105000
2010,SDN,Sudan (the),2,36,12,16350,10000,26362,
2010,CHE,Switzerland,2,,,,,,14000
2010,TWN,Taiwan (Province of China),3,34,196,,,196,1073100
2010,TJK,Tajikistan,4,96,300,15484,1134,16918,205500
2010,THA,Thailand,3,260,,15454135,,15454135,332000
2010,TGO,Togo,3,82,,111786,,111786,
2010,TTO,Trinidad and Tobago,1,,,,,,
2010,TUR,Turkey,2,64,106,3500,200,3806,
2010,UGA,Uganda,2,436,10,12975,,12985,
2010,UKR,Ukraine,1,6,59,40000,,40059,1900
2010,GBR,United Kingdom of Great Britain and Northern Irela,2,,,,,,500
2010,USA,United States of America (the),16,138,271,12300,,12571,9162500
2010,URY,Uruguay,1,4,,,,,
2010,VEN,Venezuela (Bolivarian Republic of),2,49,,94800,,94800,170000
2010,VNM,Viet Nam,7,221,103,1522710,1620,1524433,704700
2010,YEM,Yemen,2,22,2,,1000,1002,
2010,ZMB,Zambia,2,9,,1200,150,1350,
2010,ZWE,Zimbabwe,4,8,,1668696,,1668696,
2011,AFG,Afghanistan,4,83,115,1753000,9700,1762815,142000
2011,DZA,Algeria,1,10,43,750,,793,779000
2011,AGO,Angola,4,130,,90584,100,90684,
2011,ARG,Argentina,1,,,3000,,3000,104000
2011,AUS,Australia,3,1,,7637,,7637,2554000
2011,BHS,Bahamas (the),1,,,10000,,10000,40000
2011,BGD,Bangladesh,5,102,121,1672559,,1672680,
2011,BEL,Belgium,2,5,71,,,71,99000
2011,BEN,Benin,1,,,5840,,5840,
2011,BTN,Bhutan,1,1,16,20000,,20016,
2011,BOL,Bolivia (Plurinational State of),2,52,,92825,,92825,20000
2011,BWA,Botswana,1,,,,,,
2011,BRA,Brazil,9,978,,2127753,30000,2157753,1000000
2011,BFA,Burkina Faso,1,,,2850000,,2850000,
2011,BDI,Burundi,4,24,50,1285,,1335,
2011,KHM,Cambodia,1,247,23,1640000,,1640023,521000
2011,CMR,Cameroon,1,639,,16706,,16706,
2011,CAN,Canada,4,8,20,2000,7000,9020,2300000
2011,CAF,Central African Republic,3,17,1,4937,,4938,
2011,TCD,Chad,2,557,,18123,,18123,
2011,CHL,Chile,5,1,,54850,1082,55932,200000
2011,CHN,China,20,746,1057,123963401,308425,124272883,12048115
2011,COL,Colombia,3,313,262,1487436,,1487698,2320000
2011,COD,Congo (the Democratic Republic of the),4,636,,34757,2000,36757,
2011,COG,Congo (the),3,65,,10819,,10819,
2011,CRI,Costa Rica,1,4,,46695,,46695,
2011,DMA,Dominica,1,,,144,96,240,
2011,DOM,Dominican Republic (the),4,12,220,55200,,55420,30000
2011,ECU,Ecuador,2,7,,3750,,3750,
2011,SLV,El Salvador,1,35,,300000,,300000,1000000
2011,ETH,Ethiopia,2,,,4845879,,4845879,
2011,FRA,France,2,6,,2300,,2300,
2011,GEO,Georgia,1,7,,1750,,1750,
2011,DEU,Germany,1,4,,,,,
2011,GHA,Ghana,3,121,12,104034,,104046,
2011,GTM,Guatemala,7,83,18,537853,,537871,61913
2011,GIN,Guinea,1,,,16143,4000,20143,
2011,HTI,Haiti,4,39,12,6930,540,7482,
2011,HND,Honduras,1,33,,69798,,69798,
2011,IND,India,13,1038,250,12504069,325000,12829319,2032625
2011,IDN,Indonesia,12,129,9,18232,10095,28336,5850
2011,IRQ,Iraq,1,6,1,,2000,2001,
2011,IRL,Ireland,1,2,,600,,600,325000
2011,ITA,Italy,4,29,1,,,1,545000
2011,JPN,Japan,7,19976,28428,366187,,394615,212520000
2011,KAZ,Kazakhstan,1,2,,12238,3762,16000,67000
2011,KEN,Kenya,5,33,,8145692,5000,8150692,
2011,PRK,Korea (the Democratic People's Republic of),3,74,887,56705,,57592,
2011,KOR,Korea (the Republic of),3,121,26,29000,2000,31026,52000
2011,KGZ,Kyrgyzstan,1,,,,,,
2011,LAO,Lao People's Democratic Republic (the),2,48,,467000,,467000,
2011,LSO,Lesotho,3,26,,730515,,730515,
2011,MDG,Madagascar,1,35,73,89297,25845,115215,
2011,MWI,Malawi,3,4,1,83586,,83587,
2011,MYS,Malaysia,2,18,6,20000,,20006,
2011,MDV,Maldives,1,4,,1289,,1289,
2011,MLI,Mali,3,50,,3516605,,3516605,
2011,MTQ,Martinique,1,1,,,,,
2011,MRT,Mauritania,1,,,723000,,723000,
2011,MEX,Mexico,12,125,2,3610600,40000,3650602,597700
2011,MOZ,Mozambique,4,36,,64271,,64271,
2011,MMR,Myanmar,2,225,125,53734,3152,57011,5300
2011,NAM,Namibia,1,108,,500000,,500000,12000
2011,NPL,Nepal,7,182,121,194686,,194807,123
2011,NZL,New Zealand,2,182,1545,300000,300,301845,18000000
2011,NIC,Nicaragua,1,17,18,143000,,143018,
2011,NER,Niger (the),4,64,,3015130,28175,3043305,
2011,NGA,Nigeria,6,879,162,51647,500,52309,4500
2011,NOR,Norway,1,4,,500,,500,
2011,OMN,Oman,1,14,200,,,200,
2011,PAK,Pakistan,2,511,755,5401000,,5401755,2500000
2011,PAN,Panama,2,,,4000,,4000,
2011,PNG,Papua New Guinea,1,,,,,,
2011,PRY,Paraguay,3,44,,29945,2000,31945,
2011,PER,Peru,6,109,213,837148,1705,839066,
2011,PHL,Philippines (the),36,1989,6703,11723244,,11729947,730025
2011,POL,Poland,1,26,,,,,
2011,PRI,Puerto Rico,2,1,,1500,771,2271,500000
2011,RUS,Russian Federation (the),3,1,14,14169,,14183,24015
2011,RWA,Rwanda,1,14,20,3588,,3608,
2011,VCT,Saint Vincent and the Grenadines,1,,,275,,275,
2011,SAU,Saudi Arabia,1,11,,,,,300000
2011,SEN,Senegal,2,,6,855214,,855220,
2011,SLE,Sierra Leone,1,21,,,,,
2011,SLB,Solomon Islands,1,,,,,,
2011,SOM,Somalia,1,,,2800,,2800,
2011,ZAF,South Africa,3,46,538,202606,3500,206644,221000
2011,ESP,Spain,2,11,300,2400,15000,17700,200000
2011,LKA,Sri Lanka,5,254,92,294943,1060273,1355308,500000
2011,SDN,Sudan (the),1,20,30,,,30,
2011,CHE,Switzerland,1,,3,,,3,
2011,TJK,Tajikistan,2,,,2130,,2130,
2011,TZA,"Tanzania, United Republic of",4,37,200,1059000,6776,1065976,
2011,THA,Thailand,6,923,16,11253838,,11253854,40317000
2011,TON,Tonga,1,,,,,,3000
2011,TUR,Turkey,4,655,4306,6786,32075,43167,1744000
2011,TUV,Tuvalu,1,,,,,,
2011,UGA,Uganda,3,50,47,732075,,732122,
2011,USA,United States of America (the),23,809,3598,395700,32100,431398,59433000
2011,UZB,Uzbekistan,1,13,,86,,86,
2011,VUT,Vanuatu,2,,,32000,,32000,
2011,VEN,Venezuela (Bolivarian Republic of),4,17,,1786,2000,3786,16000
2011,VNM,Viet Nam,5,138,77,1361570,,1361647,219002
2011,ZMB,Zambia,1,,,1375,,1375,
2011,ZWE,Zimbabwe,2,45,,1140,,1140,
2012,AFG,Afghanistan,11,378,427,48394,2680,51501,
2012,ALB,Albania,1,5,,230000,,230000,
2012,DZA,Algeria,2,69,101,,,101,
2012,AGO,Angola,1,,,1833900,,1833900,
2012,ARG,Argentina,3,25,30,17500,2000,19530,10000
2012,AUS,Australia,2,4,,16000,,16000,588000
2012,AUT,Austria,1,5,,,,,
2012,AZE,Azerbaijan,3,5,50,15500,6949,22499,
2012,BHS,Bahamas (the),1,1,,,,,
2012,BGD,Bangladesh,5,344,304,5602850,55000,5658154,
2012,BLR,Belarus,1,,30,100,,130,
2012,BEL,Belgium,1,3,,,,,
2012,BEN,Benin,1,4,,55000,,55000,
2012,BOL,Bolivia (Plurinational State of),1,13,,69085,,69085,
2012,BIH,Bosnia and Herzegovina,1,4,,10347,,10347,
2012,BRA,Brazil,3,3,,4290500,8500,4299000,1631000
2012,BGR,Bulgaria,4,38,70,38090,,38160,4400
2012,BFA,Burkina Faso,1,18,,,21000,21000,
2012,KHM,Cambodia,1,14,,71500,,71500,
2012,CMR,Cameroon,2,25,,20000,31980,51980,
2012,CAN,Canada,3,,,1500,,1500,1084000
2012,CAF,Central African Republic,2,,23,,3870,3893,
2012,TCD,Chad,4,108,,2215339,,2215339,10000
2012,CHL,Chile,3,8,14,28583,,28597,303100
2012,CHN,China,28,802,38567,44475500,48618,44562685,19754533
2012,COL,Colombia,4,77,18,96735,8000,104753,102000
2012,COM,Comoros (the),1,4,150,64987,,65137,5000
2012,COD,Congo (the Democratic Republic of the),5,609,33,27118,1010,28161,
2012,COG,Congo (the),3,24,89,2082,7500,9671,
2012,CRI,Costa Rica,2,8,225,10060,,10285,45000
2012,HRV,Croatia,3,7,,1500,,1500,
2012,CUB,Cuba,3,14,,48355,162746,211101,
2012,CZE,Czech Republic (the),2,32,,,,,
2012,DOM,Dominican Republic (the),5,175,,71675,11500,83175,30000
2012,ECU,Ecuador,3,45,140,80632,,80772,
2012,EST,Estonia,1,1,,,,,
2012,ETH,Ethiopia,1,,,1000000,,1000000,
2012,FJI,Fiji,3,17,,27945,,27945,97400
2012,FRA,France,1,12,,,,,
2012,GAB,Gabon,1,1,,77845,,77845,
2012,GMB,Gambia (the),1,,,428000,,428000,
2012,GEO,Georgia,2,5,36,100000,6000,106036,94000
2012,DEU,Germany,2,6,,,,,
2012,GHA,Ghana,2,76,,5441,,5441,
2012,GRC,Greece,2,6,,200,,200,
2012,GTM,Guatemala,3,44,178,1598049,,1598227,210000
2012,GIN,Guinea,1,105,,5523,,5523,
2012,HTI,Haiti,7,180,27,208782,33330,242139,254000
2012,HND,Honduras,1,,,125000,,125000,
2012,HUN,Hungary,1,16,,,,,
2012,IND,India,10,599,,4280860,,4280860,244000
2012,IDN,Indonesia,15,107,336,48230,3845,52411,1000
2012,IRN,Iran (Islamic Republic of),4,319,2267,66040,,68307,500000
2012,IRQ,Iraq,1,4,,,,,
2012,ITA,Italy,5,73,400,11500,14700,26600,17137601
2012,JAM,Jamaica,1,1,,215850,,215850,16542
2012,JPN,Japan,7,173,2602,99686,,102288,1702400
2012,KAZ,Kazakhstan,2,,,14400,,14400,
2012,KEN,Kenya,1,73,,280670,,280670,100000
2012,PRK,Korea (the Democratic People's Republic of),3,147,145,3103905,33500,3137550,11400
2012,KOR,Korea (the Republic of),3,22,,3120,,3120,799000
2012,KGZ,Kyrgyzstan,2,16,50,11000,,11050,
2012,LVA,Latvia,1,10,,,,,
2012,LTU,Lithuania,2,30,,,,,
2012,MKD,Macedonia (the former Yugoslav Republic of),1,1,,5100,,5100,
2012,MDG,Madagascar,3,112,299,335300,,335599,100000
2012,MWI,Malawi,4,4,,1996735,,1996735,
2012,MEX,Mexico,3,21,11,132000,4000,136011,1175000
2012,MDA,Moldova (the Republic of),2,10,,13174,,13174,
2012,MNE,Montenegro,1,1,,4500,,4500,
2012,MAR,Morocco,1,,,7500,,7500,
2012,MOZ,Mozambique,3,33,13,109945,,109958,
2012,MMR,Myanmar,2,40,231,86255,,86486,1170
2012,NAM,Namibia,1,,,650,,650,
2012,NPL,Nepal,2,83,5,,,5,1000
2012,NLD,Netherlands (the),1,1,,,,,
2012,NZL,New Zealand,1,3,7,450,,457,9100
2012,NIC,Nicaragua,1,9,,29500,,29500,
2012,NER,Niger (the),3,188,,535826,,535826,184115
2012,NGA,Nigeria,3,388,867,7015029,,7015896,501000
2012,PAK,Pakistan,5,671,2902,5047662,,5050564,2500000
2012,PSE,"Palestine, State of",1,,,1500,,1500,
2012,PAN,Panama,2,6,32,9416,,9448,
2012,PNG,Papua New Guinea,2,65,,200000,,200000,27000
2012,PRY,Paraguay,3,5,100,1495845,,1495945,6000
2012,PER,Peru,5,299,174,53124,51385,104683,
2012,PHL,Philippines (the),22,2415,2879,12492805,35762,12531446,1005611
2012,POL,Poland,4,274,10,300,,310,5900
2012,PRI,Puerto Rico,1,,,,,,
2012,ROU,Romania,1,86,239,7300,,7539,
2012,RUS,Russian Federation (the),8,415,5850,37397,5752,48999,1757000
2012,RWA,Rwanda,1,5,,11160,,11160,
2012,WSM,Samoa,1,12,,12703,,12703,133000
2012,SAU,Saudi Arabia,1,19,,,,,
2012,SEN,Senegal,1,19,,57000,,57000,10000
2012,SRB,Serbia,3,25,,88234,,88234,
2012,SLE,Sierra Leone,1,300,,23009,,23009,
2012,SVK,Slovakia,1,5,,,,,
2012,SVN,Slovenia,1,,,12000,,12000,265000
2012,SLB,Solomon Islands,1,,,4836,,4836,
2012,SOM,Somalia,3,31,,3012200,20000,3032200,
2012,ZAF,South Africa,2,13,,126350,,126350,200000
2012,SSD,South Sudan,2,47,,157000,,157000,
2012,ESP,Spain,2,14,41,600,,641,395000
2012,LKA,Sri Lanka,3,53,21,2247000,69000,2316021,58200
2012,SDN,Sudan (the),3,206,135,3335678,,3335813,
2012,CHE,Switzerland,2,11,,,,,
2012,TWN,Taiwan (Province of China),3,20,,35000,,35000,52200
2012,TJK,Tajikistan,3,3,,8087,,8087,760
2012,TZA,"Tanzania, United Republic of",1,10,,,,,
2012,THA,Thailand,1,,,235545,,235545,
2012,TUR,Turkey,1,13,,,,,
2012,UGA,Uganda,5,174,180,20864,3368,24412,
2012,UKR,Ukraine,3,195,3026,85000,,88026,1690000
2012,GBR,United Kingdom of Great Britain and Northern Irela,5,8,,3785,,3785,2946000
2012,USA,United States of America (the),25,318,437,91409,1305,93151,98469000
2012,VEN,Venezuela (Bolivarian Republic of),1,,,11000,,11000,93000
2012,VNM,Viet Nam,4,72,147,59320,297045,356512,372800
2012,WLF,Wallis and Futuna,1,,2,1250,,1252,
2012,ZMB,Zambia,1,2,,153,,153,
2013,AFG,Afghanistan,6,155,143,21485,,21628,
2013,AGO,Angola,1,9,,1000,,1000,
2013,ARG,Argentina,2,56,12,350000,,350012,1300000
2013,ARM,Armenia,2,,,76000,,76000,60000
2013,AUS,Australia,3,9,,8940,,8940,2366000
2013,AUT,Austria,1,4,,200,,200,1000000
2013,BHS,Bahamas (the),1,,,1000,,1000,45000
2013,BGD,Bangladesh,3,50,453,1531754,,1532207,20000
2013,BLR,Belarus,1,4,1325,10000,,11325,
2013,BEL,Belgium,2,,,,,,
2013,BEN,Benin,3,7,,33221,2759,35980,
2013,BOL,Bolivia (Plurinational State of),5,136,29,841840,,841869,2500
2013,BWA,Botswana,1,12,,4210,,4210,
2013,BRA,Brazil,6,121,208,217866,43200,261274,631500
2013,BFA,Burkina Faso,1,2,13,11383,,11396,
2013,KHM,Cambodia,1,200,,1500000,,1500000,500000
2013,CMR,Cameroon,1,,,805,,805,
2013,CAN,Canada,3,14,,100000,,100000,7110000
2013,CAF,Central African Republic,3,,97,41703,,41800,
2013,CHL,Chile,1,,,,,,1000000
2013,CHN,China,42,1395,16260,27300070,152540,27468870,35410900
2013,COL,Colombia,3,98,15,56594,300,56909,4000
2013,COG,Congo (the),1,16,,1071,,1071,
2013,CRI,Costa Rica,1,3,,12000,,12000,
2013,CUB,Cuba,1,2,,227,,227,
2013,CZE,Czech Republic (the),1,15,,1300000,,1300000,828552
2013,DNK,Denmark,2,2,,,,,
2013,DOM,Dominican Republic (the),1,,,,,,102
2013,ECU,Ecuador,4,24,,28732,,28732,
2013,SLV,El Salvador,1,,,63079,,63079,
2013,ETH,Ethiopia,4,110,,51788,,51788,2200
2013,FRA,France,3,4,,2000,,2000,655000
2013,GMB,Gambia (the),1,2,,3300,,3300,
2013,GEO,Georgia,3,,,26750,,26750,
2013,DEU,Germany,4,11,2,6350,,6352,17700000
2013,GHA,Ghana,2,23,250,25310,,25560,
2013,GTM,Guatemala,2,9,52,2497,,2549,
2013,GIN,Guinea,2,,,11249,,11249,
2013,HTI,Haiti,1,6,,,33265,33265,
2013,HND,Honduras,1,27,,34128,,34128,
2013,HUN,Hungary,3,,,64365,,64365,
2013,IND,India,12,7119,4547,16704280,,16708827,2375471
2013,IDN,Indonesia,16,173,2553,677641,,680194,3130000
2013,IRN,Iran (Islamic Republic of),3,45,997,3500,1500,5997,600000
2013,IRQ,Iraq,1,11,,,,,
2013,ISR,Israel,1,4,3000,2000000,,2003000,
2013,ITA,Italy,1,18,,2700,,2700,780000
2013,JPN,Japan,10,400,55931,71229,,127160,14200
2013,KEN,Kenya,4,128,20,115780,,115800,36000
2013,PRK,Korea (the Democratic People's Republic of),1,51,2,800000,48688,848690,
2013,LAO,Lao People's Democratic Republic (the),3,100,77,610176,,610253,121000
2013,LBY,Libya,1,16,,2000,,2000,
2013,MKD,Macedonia (the former Yugoslav Republic of),1,1,,4911,,4911,
2013,MDG,Madagascar,3,164,787,44752,,45539,25000
2013,MWI,Malawi,1,3,,33000,,33000,
2013,MYS,Malaysia,1,4,,75000,,75000,
2013,MLI,Mali,2,37,,46000,,46000,
2013,MHL,Marshall Islands (the),1,,,6384,,6384,
2013,MRT,Mauritania,1,8,,4225,2305,6530,
2013,MUS,Mauritius,1,11,82,,,82,
2013,MEX,Mexico,5,223,,172000,,172000,5700000
2013,MOZ,Mozambique,3,138,76,316227,,316303,30000
2013,MMR,Myanmar,2,23,,73300,,73300,
2013,NAM,Namibia,3,17,518,345500,,346018,64000
2013,NPL,Nepal,3,244,35,12474,4314,16823,
2013,NLD,Netherlands (the),3,2,,,,,10000
2013,NZL,New Zealand,3,,4,13836,,13840,893000
2013,NIC,Nicaragua,2,30,,15459,,15459,
2013,NER,Niger (the),2,32,,181029,,181029,64724
2013,NGA,Nigeria,1,19,,81506,,81506,
2013,PAK,Pakistan,5,730,1736,1697020,,1698756,1600000
2013,PLW,Palau,1,,,,,,
2013,PSE,"Palestine, State of",2,6,100,62471,,62571,
2013,PAN,Panama,1,,,,,,200000
2013,PNG,Papua New Guinea,1,,,35000,,35000,
2013,PRY,Paraguay,3,,,186400,,186400,25000
2013,PER,Peru,5,69,416,276283,5247,281946,
2013,PHL,Philippines (the),14,7750,29893,25637240,,25667133,12422810
2013,POL,Poland,2,29,53,,,53,
2013,PRT,Portugal,3,10,21,3900,46,3967,
2013,ROU,Romania,1,9,,5400,,5400,11000
2013,RUS,Russian Federation (the),3,4,1491,335635,,337126,1033000
2013,LCA,Saint Lucia,1,6,,19984,,19984,
2013,VCT,Saint Vincent and the Grenadines,1,12,37,16885,500,17422,108000
2013,SAU,Saudi Arabia,2,39,,1021,,1021,
2013,SEN,Senegal,1,8,94,163212,,163306,
2013,SRB,Serbia,2,,,3000,,3000,
2013,SYC,Seychelles,1,,,3000,,3000,9300
2013,SLE,Sierra Leone,1,,,,2257,2257,
2013,SVK,Slovakia,1,1,,,,,
2013,SLB,Solomon Islands,3,13,,15526,,15526,
2013,SOM,Somalia,3,169,,247380,,247380,
2013,ZAF,South Africa,1,3,,2870,,2870,
2013,SSD,South Sudan,3,99,,581003,,581003,
2013,ESP,Spain,2,,,600,,600,
2013,LKA,Sri Lanka,3,117,15,77424,3861,81300,
2013,SDN,Sudan (the),1,76,133,500000,,500133,7000
2013,SWE,Sweden,1,7,,,,,
2013,CHE,Switzerland,2,,84,,,84,250000
2013,TWN,Taiwan (Province of China),5,10,170,1500,,1670,63700
2013,TJK,Tajikistan,1,,,2500,,2500,
2013,THA,Thailand,3,84,,3500000,15254,3515254,579000
2013,TGO,Togo,1,7,,168,,168,
2013,TUR,Turkey,1,7,,,,,
2013,UGA,Uganda,4,41,1018,242924,,243942,3100
2013,UKR,Ukraine,1,2,,265,1995,2260,21000
2013,GBR,United Kingdom of Great Britain and Northern Irela,5,773,,4800,,4800,1500000
2013,USA,United States of America (the),28,212,1002,205325,8247,214574,17581400
2013,VNM,Viet Nam,10,220,650,4121350,2445,4124445,1552730
2013,YEM,Yemen,1,40,10,49082,,49092,
2013,ZMB,Zambia,1,,,1800,,1800,
2013,ZWE,Zimbabwe,2,125,,2209700,,2209700,
2014,AFG,Afghanistan,3,575,135,140000,10000,150135,3000
2014,DZA,Algeria,1,6,420,,,420,
2014,ARG,Argentina,4,27,,7553,,7553,62000
2014,AUS,Australia,4,141,12,52527,258,52797,1125000
2014,BGD,Bangladesh,4,79,459,3201250,4000,3205709,160000
2014,BLR,Belarus,1,2,1500,30000,,31500,
2014,BEL,Belgium,1,,,,,,
2014,BOL,Bolivia (Plurinational State of),3,112,,242900,4800,247700,200000
2014,BIH,Bosnia and Herzegovina,4,26,,1000600,,1000600,436580
2014,BRA,Brazil,5,41,52,27550600,67500,27618152,5200000
2014,BGR,Bulgaria,5,21,40,7247,1260,8547,932000
2014,BFA,Burkina Faso,1,,,4000000,,4000000,
2014,BDI,Burundi,1,96,182,,12500,12682,
2014,CPV,Cabo Verde,1,,,2500,,2500,
2014,KHM,Cambodia,1,45,,472500,57950,530450,
2014,CMR,Cameroon,3,111,,252056,,252056,
2014,CAN,Canada,2,,4,6900,,6904,129000
2014,CHL,Chile,3,18,500,534804,1638,536942,134000
2014,CHN,China,41,1596,4106,64460528,490640,64955274,29054973
2014,COL,Colombia,5,88,18,72214,,72232,8000
2014,COM,Comoros (the),2,,,19511,,19511,
2014,COD,Congo (the Democratic Republic of the),3,214,1017,,3750,4767,15000
2014,CIV,Côte d’Ivoire,2,46,,,,,
2014,HRV,Croatia,2,3,,9116,,9116,
2014,DOM,Dominican Republic (the),1,1,,300,,300,
2014,ECU,Ecuador,1,3,18,,,18,
2014,SLV,El Salvador,1,4,,12783,,12783,
2014,FRA,France,7,22,,4000,,4000,485000
2014,GMB,Gambia (the),1,,,,,,
2014,GEO,Georgia,1,,,12000,,12000,
2014,DEU,Germany,2,8,1,,,1,400000
2014,GHA,Ghana,1,249,29611,26858,,56469,
2014,GRC,Greece,3,3,25,77000,,77025,628000
2014,GTM,Guatemala,5,6,274,1492820,9830,1502924,100000
2014,GIN,Guinea,1,2544,3814,,,3814,
2014,HTI,Haiti,3,12,,1098111,,1098111,
2014,HND,Honduras,3,4,,594710,,594710,1400
2014,HUN,Hungary,1,,,6500,,6500,
2014,IND,India,16,1064,84,5503980,650200,6154264,23263000
2014,IDN,Indonesia,10,243,72,534965,7250,542287,1112000
2014,IRN,Iran (Islamic Republic of),3,38,280,440300,12000,452580,92000
2014,IRL,Ireland,1,1,,,,,
2014,ITA,Italy,5,15,1,8610,1000,9611,1087000
2014,JAM,Jamaica,1,,,91545,,91545,
2014,JPN,Japan,13,301,21999,38931,99,61029,6579000
2014,KAZ,Kazakhstan,1,5,9,2700,,2709,
2014,KEN,Kenya,1,,,1600000,,1600000,
2014,KIR,Kiribati,1,,,220,,220,
2014,KOR,Korea (the Republic of),3,41,101,,,101,11000
2014,KGZ,Kyrgyzstan,1,,,,,,
2014,LAO,Lao People's Democratic Republic (the),1,,,750,,750,
2014,LSO,Lesotho,1,,,,2600,2600,
2014,LBR,Liberia,1,4810,1082,,,1082,
2014,MKD,Macedonia (the former Yugoslav Republic of),1,,,8800,,8800,
2014,MDG,Madagascar,2,17,,20000,1736,21736,
2014,MYS,Malaysia,2,17,,2430000,,2430000,284000
2014,MLI,Mali,1,6,7,,,7,
2014,MHL,Marshall Islands (the),1,,,360,,360,
2014,MEX,Mexico,8,22,135,171381,,171516,2539500
2014,MAR,Morocco,3,60,,117000,,117000,300000
2014,MOZ,Mozambique,2,48,5118,300,,5418,
2014,MMR,Myanmar,2,,,40000,,40000,
2014,NPL,Nepal,6,573,324,187621,,187945,15000
2014,NIC,Nicaragua,3,2,266,532360,,532626,3000
2014,NER,Niger (the),4,201,1639,165583,,167222,
2014,NGA,Nigeria,3,778,21,45996,,46017,
2014,PAK,Pakistan,3,410,755,2530000,,2530755,2018000
2014,PAN,Panama,1,9,,116,,116,
2014,PNG,Papua New Guinea,3,,,40726,,40726,
2014,PRY,Paraguay,2,,,233360,,233360,
2014,PER,Peru,5,554,4,200035,2700,202739,
2014,PHL,Philippines (the),13,331,2269,13272389,,13274658,1062899
2014,POL,Poland,1,78,,,,,
2014,PRT,Portugal,2,1,4,50,,54,
2014,PRI,Puerto Rico,1,1,,,,,
2014,REU,Réunion,1,1,15,250,,265,85000
2014,ROU,Romania,3,17,,525,,525,
2014,RUS,Russian Federation (the),1,6,2000,22545,,24545,8000
2014,SEN,Senegal,2,,1,639702,,639703,
2014,SRB,Serbia,5,56,,62600,,62600,2048262
2014,SYC,Seychelles,1,,,4435,,4435,
2014,SLE,Sierra Leone,1,3956,14124,,,14124,
2014,SVN,Slovenia,2,3,,52550,,52550,
2014,SLB,Solomon Islands,1,47,,52000,,52000,24000
2014,SOM,Somalia,2,,,440000,,440000,
2014,ZAF,South Africa,2,33,2,9185,,9187,85000
2014,SSD,South Sudan,2,149,586,5900,,6486,
2014,ESP,Spain,1,3,,,,,
2014,LKA,Sri Lanka,7,336,29,3005467,330,3005826,25000
2014,SDN,Sudan (the),1,39,204,266000,,266204,
2014,SWZ,Swaziland,1,11,,400,,400,
2014,CHE,Switzerland,1,2,,,,,
2014,TWN,Taiwan (Province of China),2,,,,,,420000
2014,TJK,Tajikistan,2,20,38,12760,425,13223,
2014,TZA,"Tanzania, United Republic of",2,31,,40000,,40000,
2014,THA,Thailand,8,93,31,1148780,2000,1150811,72000
2014,TLS,Timor-Leste,1,2,197,,,197,
2014,TON,Tonga,1,1,14,4000,,4014,31000
2014,TUR,Turkey,1,,324,,,324,
2014,GBR,United Kingdom of Great Britain and Northern Irela,2,5,,18540,,18540,724000
2014,USA,United States of America (the),20,205,301,106563,180,107044,16776000
2014,VUT,Vanuatu,1,12,6,20000,,20006,
2014,VNM,Viet Nam,3,38,,48075,,48075,10700
2014,ZMB,Zambia,1,,,,20000,20000,
2014,ZWE,Zimbabwe,2,14,2,2500,,2502,20000
2015,AFG,Afghanistan,5,433,58092,26575,42100,126767,3000
2015,ALB,Albania,3,1,,42300,,42300,
2015,DZA,Algeria,2,12,,35000,,35000,
2015,AGO,Angola,4,273,490,3000,2000,5490,
2015,ARG,Argentina,5,19,,145633,,145633,17200
2015,AUS,Australia,8,16,164,1990,6501,8655,2732000
2015,BHS,Bahamas (the),1,33,,6710,,6710,90000
2015,BGD,Bangladesh,6,149,20854,4012250,,4033104,84000
2015,BEL,Belgium,1,410,,,,,
2015,BLZ,Belize,1,,,20000,,20000,
2015,BOL,Bolivia (Plurinational State of),2,25,,96890,,96890,
2015,BIH,Bosnia and Herzegovina,1,,,,,,
2015,BWA,Botswana,1,,,,,,44000
2015,BRA,Brazil,5,23,97,308450,,308547,2000
2015,BGR,Bulgaria,1,5,,,,,5800
2015,BFA,Burkina Faso,1,8,54,28871,,28925,31000
2015,BDI,Burundi,2,63,,,2870,2870,13000
2015,CPV,Cabo Verde,1,9,,,,,1100
2015,CMR,Cameroon,2,4,858,30000,,30858,
2015,CAN,Canada,1,,,13000,36,13036,
2015,CAF,Central African Republic,1,1,7,1109,,1116,
2015,CHL,Chile,7,204,67,854258,29741,884066,2900000
2015,CHN,China,36,492,320,3697880,79710,3777910,18472540
2015,COL,Colombia,3,93,49,510,300,859,
2015,COD,Congo (the Democratic Republic of the),4,52,,247563,,247563,
2015,CRI,Costa Rica,3,,,28116,,28116,
2015,CIV,Côte d’Ivoire,1,16,,,,,
2015,HRV,Croatia,1,,,1200,,1200,
2015,CUB,Cuba,1,,,100000,,100000,
2015,DMA,Dominica,1,30,20,28000,574,28594,482810
2015,DOM,Dominican Republic (the),3,2,,20883,2450,23333,
2015,ECU,Ecuador,3,12,,931227,,931227,
2015,EGY,Egypt,3,141,101,100,,201,100000
2015,SLV,El Salvador,3,13,,520000,,520000,100000
2015,ETH,Ethiopia,2,,,10410600,,10410600,
2015,FJI,Fiji,1,,,67000,,67000,
2015,FRA,France,2,3295,,,,,924000
2015,GMB,Gambia (the),1,,,,,,
2015,GEO,Georgia,1,40,,10320,,10320,23000
2015,GHA,Ghana,2,110,465,,5000,5465,12000
2015,GRC,Greece,1,,,,,,
2015,GTM,Guatemala,2,352,26,57931,,57957,5000
2015,GIN,Guinea,2,16,41,30079,,30120,
2015,GUY,Guyana,1,,,199000,,199000,
2015,HTI,Haiti,3,181,3,65000,1966,66969,
2015,IND,India,21,3391,1135,16502337,54097,16557569,3949000
2015,IDN,Indonesia,10,82,62,438393,175,438630,1235000
2015,IRN,Iran (Islamic Republic of),5,52,30,24400,2000,26430,636000
2015,IRQ,Iraq,2,58,2217,65000,,67217,
2015,IRL,Ireland,1,1,,,,,
2015,ISR,Israel,1,,200,,,200,
2015,ITA,Italy,4,9,,550,,550,1143000
2015,JPN,Japan,8,64,11438,105828,,117266,1630200
2015,KAZ,Kazakhstan,1,2,,12670,,12670,5300
2015,KEN,Kenya,4,210,3532,245226,,248758,
2015,KIR,Kiribati,1,,,1500,,1500,
2015,PRK,Korea (the Democratic People's Republic of),2,33,,18003541,,18003541,
2015,KOR,Korea (the Republic of),1,36,185,,,185,
2015,KGZ,Kyrgyzstan,1,,,11490,5290,16780,12000
2015,LAO,Lao People's Democratic Republic (the),2,4,,47895,45,47940,10000
2015,LBN,Lebanon,3,5,750,1000942,,1001692,
2015,MKD,Macedonia (the former Yugoslav Republic of),2,7,30,105000,,105030,87000
2015,MDG,Madagascar,3,121,37,,206400,206437,46000
2015,MWI,Malawi,4,294,1338,3438000,350,3439688,390000
2015,MYS,Malaysia,2,25,10,3000,,3010,
2015,MLI,Mali,1,5,,2000,,2000,
2015,MEX,Mexico,4,41,458,20592,741,21791,823000
2015,FSM,Micronesia (Federated States of),1,5,,35000,,35000,11000
2015,MNG,Mongolia,1,,,965000,,965000,
2015,MOZ,Mozambique,1,160,,177645,,177645,
2015,MMR,Myanmar,6,174,,9014000,1200,9015200,119000
2015,NAM,Namibia,1,,,11500,,11500,
2015,NPL,Nepal,4,9034,18511,5621790,,5640301,5174000
2015,NZL,New Zealand,2,1,,500,,500,271000
2015,NIC,Nicaragua,1,2,,3750,,3750,
2015,NER,Niger (the),3,33,3370,2675165,,2678535,
2015,NGA,Nigeria,2,150,,102528,,102528,25000
2015,MNP,Northern Mariana Islands (the),1,,10,350,,360,
2015,OMN,Oman,1,,,6000,,6000,221000
2015,PAK,Pakistan,10,1892,2329,2023936,133900,2160165,1000
2015,PSE,"Palestine, State of",2,4,,31050,,31050,
2015,PAN,Panama,2,,,3500,,3500,
2015,PNG,Papua New Guinea,3,24,,2029199,,2029199,60000
2015,PRY,Paraguay,3,14,25,150150,,150175,
2015,PER,Peru,3,30,55,351205,,351260,94000
2015,PHL,Philippines (the),15,197,131,4012770,3300,4016201,1965966
2015,POL,Poland,1,77,,,,,
2015,PRT,Portugal,1,1,,,,,
2015,ROU,Romania,1,1,,1500,,1500,
2015,RUS,Russian Federation (the),2,31,977,6500,,7477,136820
2015,RWA,Rwanda,1,2,6,3425,,3431,
2015,WSM,Samoa,1,,,,,,
2015,SAU,Saudi Arabia,2,23,,,,,
2015,SLE,Sierra Leone,1,10,,24303,,24303,
2015,SLB,Solomon Islands,3,9,,44096,400,44496,
2015,SOM,Somalia,5,,,5620296,,5620296,
2015,ZAF,South Africa,1,,,2700000,,2700000,2000000
2015,SSD,South Sudan,1,47,,1818,,1818,
2015,ESP,Spain,2,8,,150,,150,
2015,LKA,Sri Lanka,2,10,9,27300,,27309,
2015,SDN,Sudan (the),3,36,,800000,,800000,
2015,SYR,Syrian Arab Republic,2,13,3500,,,3500,
2015,TWN,Taiwan (Province of China),3,9,762,,,762,26000
2015,TJK,Tajikistan,4,12,14,18764,,18778,5000
2015,TZA,"Tanzania, United Republic of",4,305,17138,5000,5000,27138,
2015,TLS,Timor-Leste,1,,3,,2000,2003,4000
2015,TGO,Togo,1,24,324,,,324,
2015,TON,Tonga,1,,,,,,
2015,TUR,Turkey,2,17,,5000,1500,6500,
2015,TUV,Tuvalu,1,,,4613,,4613,
2015,GBR,United Kingdom of Great Britain and Northern Irela,2,3,,63600,,63600,2400000
2015,USA,United States of America (the),28,316,234,33600,7431,41265,21070000
2015,URY,Uruguay,3,,,28326,,28326,
2015,VUT,Vanuatu,1,11,,188000,,188000,449400
2015,VEN,Venezuela (Bolivarian Republic of),1,,,45297,,45297,
2015,VNM,Viet Nam,4,41,,1765100,115,1765215,817000
2015,YEM,Yemen,3,35,65,128026,,128091,100000
2015,ZWE,Zimbabwe,3,10,11,1490024,475,1490510,
