year,hs6,c
2008,10392,1
2008,10619,1
2008,10620,1
2008,10631,1
2008,20210,1
2008,20311,1
2008,30510,1
2008,40410,1
2008,40899,1
2008,50400,1
2008,50590,1
2008,51191,1
2008,60210,1
2008,60410,1
2008,81290,1
2008,90112,1
2008,100200,1
2008,100510,1
2008,110710,1
2008,110720,1
2008,120590,1
2008,120799,1
2008,120999,1
2008,121130,1
2008,121140,1
2008,121190,1
2008,150410,1
2008,150420,1
2008,151521,1
2008,151550,1
2008,151590,1
2008,160300,1
2008,210220,1
2008,210230,1
2008,220710,1
2008,230500,1
2008,240110,1
2008,240130,1
2008,250590,1
2008,250610,1
2008,251110,1
2008,251400,1
2008,251611,1
2008,251710,1
2008,251741,1
2008,251910,1
2008,251990,1
2008,252210,1
2008,252220,1
2008,252230,1
2008,252310,1
2008,252329,1
2008,252510,1
2008,252910,1
2008,260300,1
2008,261900,1
2008,262011,1
2008,262091,1
2008,262099,1
2008,262110,1
2008,270400,1
2008,270740,1
2008,270791,1
2008,270810,1
2008,270900,1
2008,271113,1
2008,271119,1
2008,271210,1
2008,271220,1
2008,271490,1
2008,271500,1
2008,280110,1
2008,280421,1
2008,280430,1
2008,280440,1
2008,280450,1
2008,280480,1
2008,280490,1
2008,281121,1
2008,281420,1
2008,281512,1
2008,281610,1
2008,281810,1
2008,281830,1
2008,282410,1
2008,282540,1
2008,282612,1
2008,282630,1
2008,283322,1
2008,283325,1
2008,283329,1
2008,283526,1
2008,283539,1
2008,283620,1
2008,283630,1
2008,283650,1
2008,283990,1
2008,284590,1
2008,284700,1
2008,284920,1
2008,284990,1
2008,290122,1
2008,290124,1
2008,290220,1
2008,290243,1
2008,290290,1
2008,290329,1
2008,290331,1
2008,290344,1
2008,290351,1
2008,290511,1
2008,290542,1
2008,290619,1
2008,290723,1
2008,290811,1
2008,290891,1
2008,290919,1
2008,291020,1
2008,291030,1
2008,291090,1
2008,291211,1
2008,291219,1
2008,291421,1
2008,291431,1
2008,291439,1
2008,291440,1
2008,291560,1
2008,291590,1
2008,291714,1
2008,291719,1
2008,291732,1
2008,291735,1
2008,291736,1
2008,291813,1
2008,291819,1
2008,291891,1
2008,291910,1
2008,292146,1
2008,292219,1
2008,292249,1
2008,292250,1
2008,292390,1
2008,292411,1
2008,292421,1
2008,292423,1
2008,292512,1
2008,292610,1
2008,292700,1
2008,293229,1
2008,293299,1
2008,293369,1
2008,293371,1
2008,293372,1
2008,293379,1
2008,293430,1
2008,293499,1
2008,293722,1
2008,293723,1
2008,293729,1
2008,293790,1
2008,293919,1
2008,294200,1
2008,300692,1
2008,310229,1
2008,310230,1
2008,310260,1
2008,310280,1
2008,310520,1
2008,310551,1
2008,310590,1
2008,320619,1
2008,320649,1
2008,320740,1
2008,320810,1
2008,320890,1
2008,321000,1
2008,321100,1
2008,321410,1
2008,321519,1
2008,330129,1
2008,340211,1
2008,340290,1
2008,340490,1
2008,350219,1
2008,350290,1
2008,350710,1
2008,350790,1
2008,360100,1
2008,360200,1
2008,370191,1
2008,370510,1
2008,380610,1
2008,380620,1
2008,380910,1
2008,380991,1
2008,380992,1
2008,381119,1
2008,381129,1
2008,381230,1
2008,382311,1
2008,382410,1
2008,382440,1
2008,382476,1
2008,382478,1
2008,382541,1
2008,382549,1
2008,382550,1
2008,382569,1
2008,382590,1
2008,390110,1
2008,390311,1
2008,390421,1
2008,390422,1
2008,390512,1
2008,390760,1
2008,390910,1
2008,390920,1
2008,390940,1
2008,391520,1
2008,391620,1
2008,391721,1
2008,391729,1
2008,391732,1
2008,391739,1
2008,391740,1
2008,391890,1
2008,392010,1
2008,392020,1
2008,392030,1
2008,392051,1
2008,392063,1
2008,392069,1
2008,392092,1
2008,392111,1
2008,392112,1
2008,392113,1
2008,392210,1
2008,392310,1
2008,392329,1
2008,392390,1
2008,392510,1
2008,392520,1
2008,392590,1
2008,392610,1
2008,392630,1
2008,400121,1
2008,400211,1
2008,400400,1
2008,400510,1
2008,400819,1
2008,400821,1
2008,400829,1
2008,400911,1
2008,400912,1
2008,400921,1
2008,400941,1
2008,401012,1
2008,401033,1
2008,401110,1
2008,401120,1
2008,401162,1
2008,401192,1
2008,401193,1
2008,401199,1
2008,401211,1
2008,401219,1
2008,401700,1
2008,410229,1
2008,410320,1
2008,410441,1
2008,410692,1
2008,410711,1
2008,410712,1
2008,410719,1
2008,410791,1
2008,410792,1
2008,411410,1
2008,411420,1
2008,411520,1
2008,430160,1
2008,430190,1
2008,430211,1
2008,430219,1
2008,430230,1
2008,440121,1
2008,440392,1
2008,440420,1
2008,440500,1
2008,440890,1
2008,440921,1
2008,441011,1
2008,441012,1
2008,441112,1
2008,441114,1
2008,441194,1
2008,441300,1
2008,441520,1
2008,441700,1
2008,441871,1
2008,441879,1
2008,441890,1
2008,442190,1
2008,470329,1
2008,470620,1
2008,470693,1
2008,480100,1
2008,480210,1
2008,480220,1
2008,480254,1
2008,480255,1
2008,480257,1
2008,480262,1
2008,480519,1
2008,480524,1
2008,480525,1
2008,480591,1
2008,480592,1
2008,480610,1
2008,480700,1
2008,480810,1
2008,480990,1
2008,481092,1
2008,481099,1
2008,481159,1
2008,481190,1
2008,481200,1
2008,481420,1
2008,481490,1
2008,481930,1
2008,481950,1
2008,482010,1
2008,482040,1
2008,482090,1
2008,490600,1
2008,510219,1
2008,510320,1
2008,510330,1
2008,510720,1
2008,511190,1
2008,511290,1
2008,511300,1
2008,520210,1
2008,520291,1
2008,520419,1
2008,520511,1
2008,520534,1
2008,520625,1
2008,520632,1
2008,520633,1
2008,520831,1
2008,520832,1
2008,520841,1
2008,520842,1
2008,520921,1
2008,520931,1
2008,520943,1
2008,520949,1
2008,521011,1
2008,521019,1
2008,521029,1
2008,521049,1
2008,521142,1
2008,521149,1
2008,521151,1
2008,521214,1
2008,521221,1
2008,521223,1
2008,530210,1
2008,530620,1
2008,530820,1
2008,530911,1
2008,530921,1
2008,530929,1
2008,540110,1
2008,540219,1
2008,540239,1
2008,540248,1
2008,540251,1
2008,540262,1
2008,540720,1
2008,540751,1
2008,540754,1
2008,540769,1
2008,540771,1
2008,540791,1
2008,540822,1
2008,550140,1
2008,550330,1
2008,550610,1
2008,550630,1
2008,550690,1
2008,550810,1
2008,550942,1
2008,550952,1
2008,550999,1
2008,551030,1
2008,551090,1
2008,551211,1
2008,551219,1
2008,551221,1
2008,551319,1
2008,551321,1
2008,551323,1
2008,551339,1
2008,551419,1
2008,551423,1
2008,551429,1
2008,551443,1
2008,551449,1
2008,551511,1
2008,551519,1
2008,551599,1
2008,551621,1
2008,551622,1
2008,551643,1
2008,560122,1
2008,560129,1
2008,560210,1
2008,560221,1
2008,560392,1
2008,560410,1
2008,560721,1
2008,560729,1
2008,560741,1
2008,560749,1
2008,560750,1
2008,560790,1
2008,560811,1
2008,560890,1
2008,580125,1
2008,580190,1
2008,580632,1
2008,580640,1
2008,580810,1
2008,580890,1
2008,590190,1
2008,590210,1
2008,590220,1
2008,590290,1
2008,591131,1
2008,591140,1
2008,591190,1
2008,600199,1
2008,600310,1
2008,600521,1
2008,600531,1
2008,600533,1
2008,600542,1
2008,600643,1
2008,630533,1
2008,630539,1
2008,630619,1
2008,631010,1
2008,631090,1
2008,660320,1
2008,660390,1
2008,680210,1
2008,680530,1
2008,680610,1
2008,680710,1
2008,680800,1
2008,680911,1
2008,680919,1
2008,680990,1
2008,681011,1
2008,681019,1
2008,681091,1
2008,681181,1
2008,681183,1
2008,681189,1
2008,681490,1
2008,690220,1
2008,690410,1
2008,690490,1
2008,690510,1
2008,691010,1
2008,691410,1
2008,700320,1
2008,700529,1
2008,700721,1
2008,700729,1
2008,700992,1
2008,701010,1
2008,701020,1
2008,701190,1
2008,701790,1
2008,701911,1
2008,701912,1
2008,701931,1
2008,701932,1
2008,701939,1
2008,701940,1
2008,701990,1
2008,710110,1
2008,710310,1
2008,710691,1
2008,710692,1
2008,710813,1
2008,711100,1
2008,711291,1
2008,711299,1
2008,720221,1
2008,720229,1
2008,720291,1
2008,720390,1
2008,720430,1
2008,720510,1
2008,720719,1
2008,720810,1
2008,720825,1
2008,720826,1
2008,720827,1
2008,720837,1
2008,720838,1
2008,720839,1
2008,720851,1
2008,720852,1
2008,720890,1
2008,720925,1
2008,720926,1
2008,720928,1
2008,720990,1
2008,721011,1
2008,721070,1
2008,721090,1
2008,721113,1
2008,721114,1
2008,721119,1
2008,721123,1
2008,721129,1
2008,721190,1
2008,721210,1
2008,721240,1
2008,721310,1
2008,721391,1
2008,721399,1
2008,721410,1
2008,721420,1
2008,721491,1
2008,721499,1
2008,721550,1
2008,721590,1
2008,721610,1
2008,721621,1
2008,721622,1
2008,721661,1
2008,721669,1
2008,721691,1
2008,721710,1
2008,721720,1
2008,721911,1
2008,721912,1
2008,721922,1
2008,722011,1
2008,722012,1
2008,722490,1
2008,722550,1
2008,722699,1
2008,722720,1
2008,722790,1
2008,722830,1
2008,722840,1
2008,722850,1
2008,722920,1
2008,730110,1
2008,730120,1
2008,730419,1
2008,730422,1
2008,730431,1
2008,730441,1
2008,730490,1
2008,730520,1
2008,730590,1
2008,730611,1
2008,730640,1
2008,730661,1
2008,730690,1
2008,730719,1
2008,730729,1
2008,730890,1
2008,731010,1
2008,731210,1
2008,731290,1
2008,731412,1
2008,731449,1
2008,731520,1
2008,731581,1
2008,731589,1
2008,731590,1
2008,731700,1
2008,732010,1
2008,732020,1
2008,732090,1
2008,732190,1
2008,732290,1
2008,732591,1
2008,732620,1
2008,732690,1
2008,740200,1
2008,740321,1
2008,740400,1
2008,740500,1
2008,740710,1
2008,740721,1
2008,740729,1
2008,740811,1
2008,740819,1
2008,740822,1
2008,740829,1
2008,740911,1
2008,740919,1
2008,740929,1
2008,741011,1
2008,741110,1
2008,741129,1
2008,741220,1
2008,741521,1
2008,741991,1
2008,750720,1
2008,760310,1
2008,760320,1
2008,760429,1
2008,760511,1
2008,760611,1
2008,760612,1
2008,760691,1
2008,760692,1
2008,760720,1
2008,760820,1
2008,760900,1
2008,761090,1
2008,761290,1
2008,761490,1
2008,761610,1
2008,761699,1
2008,790111,1
2008,790112,1
2008,790700,1
2008,800120,1
2008,800300,1
2008,810330,1
2008,810419,1
2008,810720,1
2008,810730,1
2008,810790,1
2008,810820,1
2008,811090,1
2008,811212,1
2008,811222,1
2008,811251,1
2008,811252,1
2008,811259,1
2008,811300,1
2008,820110,1
2008,820120,1
2008,820190,1
2008,820210,1
2008,820291,1
2008,820520,1
2008,820530,1
2008,820580,1
2008,820713,1
2008,820750,1
2008,820770,1
2008,830120,1
2008,830150,1
2008,830210,1
2008,830230,1
2008,830241,1
2008,830300,1
2008,830400,1
2008,830510,1
2008,830610,1
2008,830790,1
2008,830910,1
2008,831110,1
2008,831120,1
2008,831190,1
2008,840212,1
2008,840219,1
2008,840220,1
2008,840290,1
2008,840410,1
2008,840420,1
2008,840490,1
2008,840590,1
2008,840682,1
2008,840710,1
2008,841090,1
2008,841210,1
2008,841280,1
2008,841319,1
2008,841459,1
2008,841520,1
2008,841581,1
2008,841583,1
2008,841590,1
2008,841780,1
2008,841850,1
2008,841899,1
2008,841920,1
2008,841940,1
2008,841960,1
2008,842091,1
2008,842121,1
2008,842191,1
2008,842290,1
2008,842430,1
2008,842549,1
2008,842611,1
2008,842630,1
2008,842691,1
2008,842820,1
2008,842839,1
2008,842890,1
2008,843050,1
2008,843139,1
2008,843141,1
2008,843142,1
2008,843229,1
2008,843290,1
2008,843830,1
2008,843920,1
2008,843999,1
2008,844180,1
2008,844621,1
2008,844842,1
2008,844900,1
2008,845090,1
2008,845190,1
2008,845310,1
2008,845530,1
2008,845959,1
2008,846210,1
2008,846221,1
2008,846596,1
2008,846692,1
2008,846722,1
2008,846880,1
2008,846890,1
2008,847050,1
2008,847321,1
2008,847410,1
2008,847490,1
2008,847510,1
2008,847690,1
2008,847759,1
2008,847910,1
2008,847960,1
2008,847982,1
2008,848060,1
2008,848110,1
2008,848180,1
2008,848299,1
2008,848330,1
2008,848790,1
2008,850110,1
2008,850132,1
2008,850134,1
2008,850421,1
2008,850422,1
2008,850423,1
2008,850431,1
2008,850432,1
2008,850450,1
2008,850519,1
2008,850720,1
2008,850990,1
2008,851220,1
2008,851230,1
2008,851310,1
2008,851490,1
2008,851690,1
2008,851718,1
2008,851822,1
2008,851829,1
2008,851830,1
2008,851840,1
2008,852190,1
2008,852210,1
2008,852380,1
2008,852721,1
2008,852841,1
2008,852873,1
2008,852910,1
2008,853010,1
2008,853180,1
2008,853190,1
2008,853210,1
2008,853225,1
2008,853321,1
2008,853590,1
2008,853641,1
2008,853910,1
2008,854012,1
2008,854040,1
2008,854099,1
2008,854130,1
2008,854411,1
2008,854420,1
2008,854430,1
2008,854442,1
2008,854449,1
2008,854460,1
2008,854620,1
2008,854710,1
2008,854720,1
2008,854790,1
2008,854810,1
2008,860120,1
2008,860699,1
2008,860712,1
2008,860721,1
2008,860729,1
2008,860791,1
2008,860799,1
2008,860800,1
2008,860900,1
2008,870490,1
2008,870590,1
2008,870810,1
2008,870829,1
2008,870850,1
2008,870893,1
2008,870895,1
2008,870990,1
2008,871420,1
2008,871631,1
2008,871639,1
2008,871680,1
2008,871690,1
2008,890510,1
2008,890690,1
2008,890800,1
2008,900110,1
2008,900211,1
2008,900580,1
2008,900590,1
2008,900610,1
2008,900630,1
2008,900691,1
2008,900791,1
2008,901060,1
2008,901780,1
2008,901820,1
2008,901910,1
2008,902511,1
2008,902519,1
2008,902580,1
2008,902680,1
2008,902790,1
2008,902810,1
2008,902910,1
2008,902990,1
2008,903190,1
2008,903220,1
2008,910690,1
2008,910919,1
2008,911019,1
2008,911090,1
2008,911220,1
2008,911290,1
2008,930119,1
2008,930591,1
2008,930630,1
2008,930700,1
2008,940120,1
2008,940190,1
2008,940330,1
2008,940550,1
2008,940560,1
2008,940599,1
2008,940600,1
2008,950430,1
2008,960390,1
2008,960891,1
2008,961390,1
2009,10392,1
2009,10410,1
2009,10619,1
2009,10620,1
2009,10639,1
2009,20900,1
2009,50800,1
2009,51000,1
2009,51110,1
2009,51191,1
2009,100610,1
2009,110210,1
2009,110610,1
2009,120400,1
2009,120590,1
2009,120750,1
2009,120991,1
2009,121190,1
2009,130190,1
2009,140110,1
2009,140190,1
2009,151229,1
2009,151491,1
2009,151521,1
2009,151610,1
2009,152190,1
2009,170112,1
2009,170191,1
2009,170240,1
2009,210220,1
2009,210230,1
2009,220710,1
2009,230210,1
2009,230330,1
2009,230500,1
2009,230800,1
2009,240130,1
2009,240399,1
2009,250490,1
2009,250620,1
2009,250810,1
2009,251110,1
2009,251400,1
2009,251520,1
2009,251611,1
2009,251730,1
2009,251830,1
2009,251910,1
2009,251990,1
2009,252210,1
2009,252220,1
2009,252321,1
2009,252329,1
2009,252510,1
2009,252890,1
2009,252910,1
2009,260112,1
2009,261310,1
2009,261710,1
2009,261800,1
2009,262019,1
2009,262029,1
2009,262110,1
2009,262190,1
2009,270400,1
2009,270710,1
2009,270740,1
2009,270791,1
2009,270810,1
2009,270900,1
2009,271114,1
2009,271119,1
2009,271220,1
2009,271290,1
2009,271390,1
2009,271490,1
2009,280200,1
2009,280430,1
2009,281121,1
2009,281410,1
2009,281511,1
2009,281512,1
2009,281810,1
2009,281830,1
2009,282410,1
2009,282540,1
2009,282630,1
2009,282759,1
2009,283090,1
2009,283322,1
2009,283325,1
2009,283329,1
2009,283539,1
2009,283720,1
2009,283990,1
2009,284169,1
2009,284190,1
2009,284700,1
2009,284920,1
2009,290122,1
2009,290124,1
2009,290220,1
2009,290243,1
2009,290290,1
2009,290315,1
2009,290321,1
2009,290331,1
2009,290347,1
2009,290351,1
2009,290511,1
2009,290514,1
2009,290531,1
2009,290543,1
2009,290891,1
2009,290911,1
2009,291030,1
2009,291040,1
2009,291450,1
2009,291512,1
2009,291570,1
2009,291590,1
2009,291719,1
2009,291720,1
2009,291734,1
2009,291735,1
2009,291891,1
2009,292090,1
2009,292111,1
2009,292146,1
2009,292211,1
2009,292231,1
2009,292243,1
2009,292249,1
2009,292250,1
2009,292320,1
2009,292411,1
2009,292412,1
2009,292423,1
2009,292700,1
2009,292990,1
2009,293229,1
2009,293292,1
2009,293329,1
2009,293353,1
2009,293372,1
2009,293379,1
2009,293491,1
2009,293723,1
2009,293740,1
2009,293911,1
2009,293919,1
2009,293941,1
2009,293949,1
2009,293961,1
2009,310229,1
2009,310240,1
2009,310260,1
2009,310290,1
2009,310520,1
2009,310551,1
2009,310559,1
2009,320620,1
2009,320649,1
2009,320810,1
2009,320890,1
2009,320910,1
2009,321100,1
2009,321410,1
2009,321490,1
2009,330113,1
2009,340219,1
2009,340290,1
2009,350211,1
2009,350290,1
2009,350400,1
2009,350710,1
2009,360200,1
2009,360300,1
2009,370199,1
2009,380610,1
2009,380992,1
2009,381010,1
2009,381590,1
2009,382410,1
2009,382440,1
2009,382450,1
2009,382477,1
2009,382479,1
2009,382482,1
2009,382530,1
2009,382541,1
2009,382549,1
2009,382550,1
2009,390110,1
2009,390120,1
2009,390210,1
2009,390311,1
2009,390410,1
2009,390512,1
2009,390519,1
2009,390760,1
2009,390791,1
2009,390940,1
2009,390950,1
2009,391620,1
2009,391690,1
2009,391721,1
2009,391722,1
2009,391723,1
2009,391729,1
2009,391731,1
2009,391732,1
2009,391733,1
2009,391739,1
2009,391740,1
2009,391890,1
2009,392010,1
2009,392020,1
2009,392030,1
2009,392043,1
2009,392059,1
2009,392062,1
2009,392063,1
2009,392093,1
2009,392111,1
2009,392112,1
2009,392210,1
2009,392290,1
2009,392390,1
2009,392510,1
2009,392610,1
2009,400130,1
2009,400280,1
2009,400400,1
2009,400510,1
2009,400610,1
2009,400690,1
2009,400819,1
2009,400821,1
2009,400829,1
2009,400921,1
2009,401019,1
2009,401033,1
2009,401110,1
2009,401162,1
2009,401211,1
2009,401699,1
2009,401700,1
2009,410229,1
2009,410441,1
2009,410510,1
2009,410621,1
2009,410640,1
2009,410691,1
2009,410711,1
2009,410712,1
2009,410719,1
2009,410791,1
2009,410792,1
2009,411410,1
2009,411520,1
2009,420600,1
2009,430211,1
2009,430219,1
2009,440130,1
2009,440500,1
2009,440610,1
2009,440791,1
2009,440799,1
2009,440921,1
2009,440929,1
2009,441011,1
2009,441112,1
2009,441114,1
2009,441193,1
2009,441194,1
2009,441300,1
2009,441520,1
2009,441700,1
2009,441872,1
2009,441879,1
2009,441890,1
2009,442190,1
2009,470329,1
2009,470720,1
2009,480210,1
2009,480220,1
2009,480254,1
2009,480451,1
2009,480519,1
2009,480524,1
2009,480525,1
2009,480591,1
2009,480592,1
2009,480610,1
2009,480810,1
2009,481092,1
2009,481099,1
2009,481159,1
2009,481160,1
2009,481190,1
2009,481200,1
2009,481390,1
2009,481490,1
2009,481690,1
2009,481930,1
2009,481950,1
2009,482090,1
2009,482340,1
2009,482390,1
2009,490600,1
2009,500100,1
2009,500500,1
2009,510119,1
2009,510121,1
2009,510219,1
2009,510320,1
2009,510540,1
2009,511130,1
2009,511300,1
2009,520210,1
2009,520299,1
2009,520419,1
2009,520524,1
2009,520526,1
2009,520621,1
2009,520625,1
2009,520632,1
2009,520644,1
2009,520645,1
2009,520819,1
2009,520831,1
2009,520832,1
2009,520839,1
2009,520841,1
2009,520842,1
2009,520843,1
2009,520852,1
2009,520931,1
2009,520943,1
2009,520949,1
2009,520952,1
2009,521011,1
2009,521019,1
2009,521029,1
2009,521039,1
2009,521049,1
2009,521111,1
2009,521112,1
2009,521120,1
2009,521151,1
2009,521212,1
2009,521221,1
2009,521223,1
2009,530210,1
2009,530890,1
2009,530921,1
2009,540219,1
2009,540233,1
2009,540239,1
2009,540245,1
2009,540262,1
2009,540342,1
2009,540490,1
2009,540710,1
2009,540730,1
2009,540753,1
2009,540773,1
2009,540793,1
2009,540823,1
2009,540831,1
2009,540833,1
2009,550120,1
2009,550190,1
2009,550630,1
2009,550810,1
2009,550922,1
2009,550941,1
2009,550942,1
2009,551030,1
2009,551090,1
2009,551211,1
2009,551291,1
2009,551313,1
2009,551321,1
2009,551331,1
2009,551339,1
2009,551411,1
2009,551419,1
2009,551421,1
2009,551423,1
2009,551443,1
2009,551449,1
2009,551511,1
2009,551519,1
2009,551522,1
2009,551611,1
2009,551621,1
2009,551624,1
2009,551631,1
2009,551634,1
2009,551641,1
2009,551643,1
2009,560122,1
2009,560210,1
2009,560221,1
2009,560311,1
2009,560312,1
2009,560391,1
2009,560392,1
2009,560410,1
2009,560500,1
2009,560600,1
2009,560729,1
2009,560741,1
2009,560749,1
2009,560750,1
2009,560790,1
2009,560811,1
2009,560890,1
2009,560900,1
2009,580124,1
2009,580125,1
2009,580133,1
2009,580610,1
2009,580632,1
2009,580640,1
2009,580810,1
2009,580890,1
2009,590190,1
2009,590210,1
2009,590220,1
2009,590320,1
2009,591000,1
2009,591131,1
2009,591132,1
2009,591190,1
2009,600110,1
2009,600320,1
2009,600330,1
2009,600340,1
2009,600390,1
2009,600531,1
2009,600543,1
2009,600621,1
2009,600631,1
2009,600633,1
2009,600641,1
2009,600643,1
2009,630533,1
2009,630539,1
2009,630590,1
2009,630619,1
2009,631010,1
2009,631090,1
2009,680100,1
2009,680292,1
2009,680299,1
2009,680510,1
2009,680610,1
2009,680620,1
2009,680710,1
2009,680800,1
2009,680990,1
2009,681011,1
2009,681091,1
2009,681140,1
2009,681181,1
2009,681182,1
2009,681183,1
2009,681189,1
2009,690290,1
2009,690320,1
2009,690410,1
2009,690490,1
2009,690510,1
2009,690590,1
2009,691010,1
2009,691490,1
2009,700232,1
2009,700529,1
2009,700530,1
2009,700729,1
2009,700910,1
2009,700992,1
2009,701790,1
2009,701912,1
2009,701919,1
2009,701939,1
2009,701940,1
2009,710110,1
2009,710490,1
2009,710812,1
2009,711011,1
2009,711031,1
2009,711100,1
2009,711291,1
2009,711292,1
2009,711299,1
2009,720120,1
2009,720211,1
2009,720229,1
2009,720291,1
2009,720390,1
2009,720421,1
2009,720690,1
2009,720825,1
2009,720837,1
2009,720838,1
2009,720839,1
2009,720851,1
2009,720852,1
2009,720853,1
2009,720890,1
2009,720915,1
2009,720916,1
2009,720917,1
2009,720925,1
2009,720927,1
2009,721113,1
2009,721119,1
2009,721123,1
2009,721129,1
2009,721190,1
2009,721210,1
2009,721240,1
2009,721310,1
2009,721391,1
2009,721399,1
2009,721420,1
2009,721430,1
2009,721491,1
2009,721499,1
2009,721550,1
2009,721590,1
2009,721661,1
2009,721669,1
2009,721699,1
2009,721710,1
2009,721720,1
2009,721921,1
2009,721922,1
2009,721933,1
2009,722011,1
2009,722490,1
2009,722550,1
2009,722699,1
2009,722820,1
2009,722850,1
2009,722920,1
2009,730419,1
2009,730431,1
2009,730590,1
2009,730611,1
2009,730640,1
2009,730661,1
2009,730690,1
2009,730719,1
2009,730729,1
2009,730793,1
2009,730840,1
2009,730890,1
2009,731210,1
2009,731420,1
2009,731431,1
2009,731449,1
2009,731581,1
2009,731600,1
2009,731700,1
2009,732010,1
2009,732090,1
2009,732190,1
2009,732510,1
2009,732619,1
2009,732690,1
2009,740200,1
2009,740311,1
2009,740400,1
2009,740721,1
2009,740819,1
2009,740822,1
2009,740829,1
2009,740911,1
2009,740919,1
2009,741011,1
2009,741022,1
2009,741121,1
2009,741521,1
2009,741539,1
2009,750300,1
2009,750521,1
2009,750890,1
2009,760120,1
2009,760421,1
2009,760511,1
2009,760521,1
2009,760529,1
2009,760611,1
2009,760612,1
2009,760691,1
2009,760719,1
2009,760720,1
2009,760820,1
2009,760900,1
2009,761010,1
2009,761090,1
2009,761210,1
2009,761290,1
2009,761410,1
2009,761610,1
2009,761699,1
2009,790111,1
2009,790112,1
2009,790700,1
2009,800120,1
2009,800300,1
2009,800700,1
2009,810194,1
2009,810197,1
2009,810294,1
2009,810430,1
2009,810520,1
2009,810720,1
2009,810790,1
2009,811222,1
2009,811292,1
2009,811299,1
2009,820110,1
2009,820190,1
2009,820210,1
2009,820580,1
2009,820590,1
2009,820740,1
2009,820750,1
2009,820770,1
2009,820830,1
2009,830130,1
2009,830150,1
2009,830210,1
2009,830220,1
2009,830230,1
2009,830249,1
2009,830400,1
2009,830610,1
2009,831000,1
2009,831120,1
2009,831190,1
2009,840140,1
2009,840211,1
2009,840290,1
2009,840410,1
2009,840420,1
2009,840490,1
2009,840590,1
2009,840681,1
2009,840910,1
2009,840991,1
2009,841013,1
2009,841210,1
2009,841229,1
2009,841231,1
2009,841280,1
2009,841320,1
2009,841459,1
2009,841520,1
2009,841583,1
2009,841590,1
2009,841630,1
2009,841780,1
2009,841899,1
2009,841920,1
2009,841931,1
2009,842091,1
2009,842099,1
2009,842121,1
2009,842131,1
2009,842290,1
2009,842481,1
2009,842489,1
2009,842611,1
2009,842790,1
2009,842832,1
2009,842833,1
2009,842890,1
2009,843110,1
2009,843120,1
2009,843139,1
2009,843141,1
2009,843142,1
2009,843221,1
2009,843290,1
2009,843510,1
2009,843710,1
2009,843820,1
2009,844315,1
2009,844621,1
2009,844900,1
2009,845240,1
2009,845310,1
2009,845380,1
2009,845530,1
2009,845620,1
2009,845730,1
2009,845811,1
2009,845819,1
2009,845910,1
2009,845921,1
2009,845929,1
2009,845961,1
2009,846221,1
2009,846231,1
2009,846291,1
2009,846330,1
2009,846620,1
2009,846692,1
2009,846799,1
2009,846820,1
2009,847021,1
2009,847090,1
2009,847141,1
2009,847230,1
2009,847490,1
2009,847510,1
2009,847629,1
2009,847751,1
2009,847930,1
2009,847960,1
2009,848110,1
2009,848180,1
2009,848220,1
2009,848230,1
2009,848360,1
2009,848490,1
2009,850110,1
2009,850120,1
2009,850133,1
2009,850134,1
2009,850164,1
2009,850240,1
2009,850300,1
2009,850421,1
2009,850422,1
2009,850423,1
2009,850431,1
2009,850432,1
2009,850490,1
2009,850690,1
2009,850990,1
2009,851230,1
2009,851310,1
2009,851440,1
2009,851690,1
2009,851712,1
2009,851822,1
2009,851830,1
2009,851840,1
2009,851850,1
2009,851890,1
2009,852190,1
2009,852352,1
2009,852861,1
2009,852910,1
2009,853010,1
2009,853090,1
2009,853180,1
2009,853190,1
2009,853225,1
2009,853229,1
2009,853310,1
2009,853321,1
2009,853630,1
2009,853649,1
2009,853710,1
2009,853810,1
2009,854419,1
2009,854420,1
2009,854442,1
2009,854449,1
2009,854590,1
2009,854620,1
2009,854690,1
2009,854720,1
2009,854810,1
2009,860290,1
2009,860691,1
2009,860692,1
2009,860711,1
2009,860712,1
2009,860791,1
2009,860900,1
2009,870290,1
2009,870410,1
2009,870432,1
2009,870490,1
2009,870520,1
2009,870810,1
2009,870829,1
2009,870850,1
2009,870870,1
2009,870891,1
2009,870892,1
2009,870893,1
2009,870895,1
2009,871492,1
2009,871639,1
2009,880390,1
2009,890130,1
2009,890190,1
2009,900110,1
2009,900150,1
2009,900580,1
2009,900630,1
2009,901010,1
2009,901190,1
2009,901540,1
2009,901780,1
2009,901890,1
2009,901910,1
2009,902511,1
2009,902680,1
2009,902810,1
2009,902990,1
2009,903039,1
2009,903084,1
2009,903190,1
2009,903210,1
2009,903220,1
2009,910919,1
2009,911090,1
2009,911190,1
2009,911290,1
2009,911410,1
2009,911440,1
2009,930529,1
2009,930591,1
2009,930700,1
2009,940180,1
2009,940190,1
2009,940510,1
2009,940560,1
2009,940591,1
2009,940592,1
2009,940599,1
2009,940600,1
2009,950430,1
2009,960390,1
2009,960400,1
2009,961220,1
2009,961800,1
2010,10392,1
2010,10599,1
2010,10631,1
2010,20110,1
2010,20210,1
2010,20500,1
2010,20900,1
2010,30510,1
2010,40410,1
2010,40811,1
2010,50510,1
2010,50800,1
2010,51000,1
2010,51191,1
2010,51199,1
2010,60410,1
2010,81290,1
2010,100200,1
2010,100610,1
2010,100810,1
2010,100820,1
2010,110210,1
2010,110610,1
2010,110720,1
2010,120510,1
2010,120799,1
2010,120810,1
2010,120890,1
2010,120922,1
2010,121130,1
2010,121190,1
2010,121410,1
2010,140110,1
2010,140190,1
2010,150300,1
2010,150410,1
2010,150420,1
2010,151521,1
2010,151550,1
2010,151610,1
2010,152190,1
2010,170112,1
2010,170290,1
2010,180400,1
2010,180620,1
2010,210220,1
2010,210230,1
2010,230230,1
2010,230320,1
2010,230610,1
2010,230649,1
2010,240110,1
2010,250100,1
2010,250200,1
2010,250300,1
2010,250510,1
2010,250620,1
2010,251010,1
2010,251110,1
2010,251611,1
2010,251820,1
2010,251910,1
2010,251990,1
2010,252210,1
2010,252220,1
2010,252230,1
2010,252321,1
2010,252410,1
2010,252510,1
2010,252620,1
2010,252910,1
2010,261210,1
2010,261800,1
2010,261900,1
2010,262040,1
2010,262060,1
2010,262110,1
2010,262190,1
2010,270400,1
2010,270500,1
2010,270600,1
2010,270710,1
2010,270740,1
2010,270791,1
2010,270799,1
2010,270900,1
2010,271111,1
2010,271114,1
2010,271121,1
2010,271220,1
2010,271311,1
2010,271320,1
2010,271410,1
2010,271490,1
2010,280110,1
2010,280200,1
2010,280429,1
2010,280490,1
2010,280512,1
2010,280700,1
2010,280920,1
2010,281310,1
2010,281511,1
2010,281700,1
2010,281810,1
2010,281830,1
2010,282410,1
2010,282540,1
2010,282590,1
2010,282630,1
2010,282739,1
2010,282890,1
2010,283322,1
2010,283324,1
2010,283325,1
2010,283329,1
2010,283429,1
2010,283529,1
2010,283640,1
2010,283990,1
2010,284020,1
2010,284190,1
2010,284590,1
2010,284690,1
2010,284920,1
2010,290121,1
2010,290122,1
2010,290124,1
2010,290220,1
2010,290230,1
2010,290241,1
2010,290243,1
2010,290290,1
2010,290315,1
2010,290321,1
2010,290352,1
2010,290362,1
2010,290511,1
2010,290514,1
2010,290719,1
2010,290729,1
2010,290899,1
2010,290919,1
2010,290944,1
2010,291030,1
2010,291090,1
2010,291212,1
2010,291219,1
2010,291439,1
2010,291440,1
2010,291532,1
2010,291570,1
2010,291619,1
2010,291711,1
2010,291719,1
2010,291732,1
2010,291735,1
2010,291819,1
2010,291891,1
2010,292090,1
2010,292111,1
2010,292146,1
2010,292213,1
2010,292229,1
2010,292231,1
2010,292250,1
2010,292390,1
2010,292412,1
2010,292424,1
2010,292512,1
2010,292521,1
2010,292700,1
2010,292800,1
2010,292990,1
2010,293219,1
2010,293299,1
2010,293332,1
2010,293339,1
2010,293353,1
2010,293354,1
2010,293355,1
2010,293371,1
2010,293372,1
2010,293379,1
2010,293722,1
2010,293723,1
2010,293739,1
2010,293740,1
2010,293890,1
2010,293941,1
2010,293949,1
2010,293963,1
2010,293991,1
2010,294200,1
2010,300120,1
2010,300670,1
2010,310100,1
2010,310230,1
2010,310240,1
2010,310260,1
2010,310290,1
2010,310520,1
2010,310551,1
2010,320412,1
2010,320619,1
2010,320720,1
2010,320810,1
2010,320890,1
2010,320990,1
2010,321410,1
2010,321490,1
2010,321519,1
2010,321590,1
2010,330113,1
2010,340211,1
2010,340212,1
2010,340213,1
2010,340490,1
2010,350211,1
2010,350219,1
2010,350290,1
2010,350400,1
2010,350520,1
2010,350790,1
2010,360100,1
2010,360200,1
2010,360300,1
2010,370244,1
2010,370256,1
2010,380510,1
2010,380590,1
2010,380610,1
2010,380991,1
2010,380992,1
2010,381010,1
2010,381090,1
2010,381119,1
2010,381129,1
2010,381700,1
2010,381800,1
2010,382440,1
2010,382450,1
2010,382471,1
2010,382476,1
2010,382477,1
2010,382549,1
2010,382550,1
2010,382561,1
2010,382569,1
2010,382590,1
2010,390110,1
2010,390120,1
2010,390410,1
2010,390421,1
2010,390422,1
2010,390490,1
2010,390512,1
2010,390519,1
2010,390750,1
2010,390760,1
2010,390791,1
2010,390810,1
2010,390910,1
2010,390920,1
2010,390950,1
2010,391590,1
2010,391721,1
2010,391723,1
2010,391731,1
2010,391732,1
2010,391890,1
2010,392010,1
2010,392020,1
2010,392030,1
2010,392043,1
2010,392051,1
2010,392111,1
2010,392112,1
2010,392210,1
2010,392290,1
2010,392329,1
2010,392330,1
2010,392390,1
2010,392520,1
2010,392590,1
2010,392610,1
2010,400130,1
2010,400280,1
2010,400400,1
2010,400610,1
2010,400819,1
2010,400821,1
2010,400829,1
2010,400921,1
2010,401012,1
2010,401032,1
2010,401110,1
2010,401120,1
2010,401193,1
2010,401199,1
2010,401219,1
2010,410441,1
2010,410711,1
2010,410712,1
2010,410719,1
2010,410791,1
2010,410792,1
2010,411200,1
2010,411390,1
2010,411510,1
2010,411520,1
2010,430211,1
2010,430219,1
2010,440130,1
2010,440391,1
2010,440392,1
2010,440410,1
2010,440500,1
2010,440610,1
2010,440727,1
2010,440791,1
2010,440799,1
2010,440921,1
2010,441011,1
2010,441019,1
2010,441113,1
2010,441114,1
2010,441193,1
2010,441194,1
2010,441300,1
2010,441510,1
2010,441700,1
2010,441860,1
2010,441871,1
2010,441872,1
2010,441879,1
2010,441890,1
2010,442190,1
2010,470419,1
2010,470421,1
2010,470630,1
2010,470720,1
2010,480100,1
2010,480210,1
2010,480220,1
2010,480254,1
2010,480257,1
2010,480411,1
2010,480419,1
2010,480449,1
2010,480525,1
2010,480540,1
2010,480591,1
2010,480592,1
2010,480700,1
2010,480810,1
2010,480820,1
2010,480830,1
2010,481014,1
2010,481029,1
2010,481092,1
2010,481159,1
2010,481190,1
2010,481200,1
2010,481390,1
2010,481930,1
2010,481950,1
2010,481960,1
2010,482040,1
2010,482090,1
2010,482210,1
2010,482390,1
2010,490700,1
2010,490810,1
2010,510119,1
2010,510121,1
2010,510219,1
2010,510320,1
2010,510529,1
2010,511000,1
2010,511120,1
2010,511130,1
2010,511211,1
2010,511219,1
2010,511290,1
2010,520300,1
2010,520411,1
2010,520527,1
2010,520535,1
2010,520613,1
2010,520614,1
2010,520625,1
2010,520635,1
2010,520832,1
2010,520839,1
2010,520841,1
2010,520842,1
2010,520843,1
2010,520911,1
2010,520919,1
2010,520931,1
2010,520943,1
2010,520949,1
2010,521011,1
2010,521019,1
2010,521029,1
2010,521031,1
2010,521049,1
2010,521119,1
2010,521132,1
2010,521139,1
2010,521141,1
2010,521151,1
2010,521159,1
2010,521213,1
2010,530290,1
2010,530820,1
2010,530911,1
2010,530929,1
2010,540110,1
2010,540219,1
2010,540233,1
2010,540245,1
2010,540259,1
2010,540262,1
2010,540332,1
2010,540490,1
2010,540710,1
2010,540730,1
2010,540752,1
2010,540753,1
2010,540771,1
2010,540791,1
2010,540793,1
2010,540824,1
2010,550330,1
2010,550810,1
2010,550941,1
2010,550942,1
2010,551030,1
2010,551090,1
2010,551211,1
2010,551219,1
2010,551221,1
2010,551313,1
2010,551319,1
2010,551321,1
2010,551329,1
2010,551419,1
2010,551421,1
2010,551423,1
2010,551429,1
2010,551449,1
2010,551511,1
2010,551519,1
2010,551612,1
2010,551633,1
2010,551642,1
2010,551693,1
2010,560122,1
2010,560129,1
2010,560221,1
2010,560311,1
2010,560312,1
2010,560314,1
2010,560391,1
2010,560392,1
2010,560410,1
2010,560721,1
2010,560729,1
2010,560741,1
2010,560749,1
2010,560750,1
2010,560790,1
2010,560811,1
2010,560819,1
2010,560890,1
2010,560900,1
2010,580124,1
2010,580190,1
2010,580300,1
2010,580632,1
2010,580890,1
2010,581100,1
2010,590190,1
2010,590210,1
2010,590220,1
2010,590320,1
2010,590700,1
2010,591132,1
2010,591190,1
2010,600199,1
2010,600290,1
2010,600340,1
2010,600541,1
2010,600610,1
2010,600641,1
2010,630533,1
2010,630590,1
2010,630619,1
2010,631090,1
2010,660390,1
2010,680100,1
2010,680229,1
2010,680299,1
2010,680410,1
2010,680510,1
2010,680610,1
2010,680620,1
2010,680790,1
2010,680800,1
2010,680919,1
2010,680990,1
2010,681011,1
2010,681091,1
2010,681140,1
2010,681182,1
2010,681189,1
2010,681280,1
2010,681591,1
2010,690220,1
2010,690410,1
2010,690590,1
2010,691010,1
2010,700232,1
2010,700320,1
2010,700529,1
2010,700600,1
2010,700729,1
2010,700800,1
2010,700991,1
2010,700992,1
2010,701710,1
2010,701820,1
2010,701912,1
2010,701939,1
2010,701940,1
2010,701952,1
2010,701959,1
2010,710221,1
2010,710229,1
2010,710420,1
2010,710812,1
2010,711019,1
2010,711029,1
2010,711031,1
2010,711291,1
2010,711292,1
2010,711299,1
2010,720120,1
2010,720150,1
2010,720221,1
2010,720229,1
2010,720450,1
2010,720510,1
2010,720719,1
2010,720720,1
2010,720810,1
2010,720826,1
2010,720837,1
2010,720838,1
2010,720839,1
2010,720852,1
2010,720854,1
2010,720890,1
2010,720917,1
2010,720925,1
2010,720927,1
2010,720990,1
2010,721011,1
2010,721020,1
2010,721070,1
2010,721090,1
2010,721114,1
2010,721123,1
2010,721210,1
2010,721220,1
2010,721310,1
2010,721391,1
2010,721399,1
2010,721410,1
2010,721420,1
2010,721550,1
2010,721621,1
2010,721640,1
2010,721661,1
2010,721669,1
2010,721691,1
2010,721699,1
2010,721710,1
2010,721720,1
2010,721790,1
2010,721810,1
2010,721921,1
2010,721924,1
2010,721933,1
2010,722011,1
2010,722012,1
2010,722211,1
2010,722219,1
2010,722240,1
2010,722619,1
2010,722691,1
2010,722699,1
2010,722710,1
2010,722820,1
2010,722830,1
2010,722840,1
2010,722920,1
2010,730120,1
2010,730230,1
2010,730240,1
2010,730429,1
2010,730431,1
2010,730441,1
2010,730611,1
2010,730629,1
2010,730640,1
2010,730661,1
2010,730711,1
2010,730719,1
2010,730722,1
2010,730723,1
2010,730810,1
2010,730890,1
2010,730900,1
2010,731010,1
2010,731210,1
2010,731412,1
2010,731420,1
2010,731581,1
2010,731589,1
2010,731600,1
2010,731700,1
2010,731813,1
2010,732010,1
2010,732020,1
2010,732190,1
2010,732421,1
2010,732620,1
2010,740311,1
2010,740312,1
2010,740329,1
2010,740400,1
2010,740500,1
2010,740710,1
2010,740729,1
2010,740822,1
2010,740829,1
2010,740919,1
2010,741110,1
2010,741220,1
2010,741510,1
2010,741910,1
2010,741991,1
2010,750220,1
2010,750890,1
2010,760120,1
2010,760410,1
2010,760421,1
2010,760429,1
2010,760511,1
2010,760529,1
2010,760611,1
2010,760612,1
2010,760692,1
2010,760711,1
2010,760719,1
2010,760720,1
2010,760900,1
2010,761010,1
2010,761090,1
2010,761210,1
2010,761290,1
2010,761520,1
2010,761610,1
2010,761691,1
2010,780199,1
2010,780419,1
2010,790111,1
2010,790112,1
2010,790120,1
2010,790700,1
2010,800700,1
2010,810194,1
2010,810197,1
2010,810294,1
2010,810420,1
2010,810520,1
2010,810720,1
2010,810730,1
2010,810790,1
2010,811212,1
2010,811259,1
2010,811292,1
2010,820110,1
2010,820120,1
2010,820190,1
2010,820291,1
2010,820510,1
2010,820530,1
2010,820580,1
2010,820740,1
2010,820750,1
2010,820770,1
2010,820810,1
2010,830140,1
2010,830150,1
2010,830210,1
2010,830230,1
2010,830249,1
2010,830250,1
2010,830300,1
2010,830400,1
2010,830610,1
2010,830790,1
2010,830910,1
2010,831000,1
2010,831110,1
2010,840140,1
2010,840219,1
2010,840220,1
2010,840420,1
2010,840490,1
2010,840590,1
2010,840681,1
2010,840910,1
2010,841011,1
2010,841229,1
2010,841381,1
2010,841520,1
2010,841720,1
2010,841861,1
2010,841891,1
2010,841899,1
2010,842091,1
2010,842119,1
2010,842121,1
2010,842123,1
2010,842199,1
2010,842290,1
2010,842549,1
2010,842611,1
2010,842612,1
2010,842832,1
2010,842919,1
2010,843049,1
2010,843050,1
2010,843290,1
2010,843820,1
2010,843840,1
2010,843999,1
2010,844315,1
2010,844331,1
2010,844842,1
2010,845190,1
2010,845819,1
2010,845921,1
2010,845929,1
2010,845951,1
2010,845959,1
2010,846011,1
2010,846039,1
2010,846231,1
2010,846239,1
2010,846692,1
2010,846694,1
2010,846721,1
2010,846722,1
2010,846890,1
2010,847030,1
2010,847050,1
2010,847090,1
2010,847410,1
2010,847510,1
2010,847521,1
2010,847629,1
2010,847689,1
2010,847751,1
2010,847790,1
2010,847890,1
2010,847950,1
2010,847960,1
2010,847982,1
2010,848020,1
2010,848190,1
2010,848330,1
2010,848490,1
2010,848790,1
2010,850133,1
2010,850240,1
2010,850300,1
2010,850421,1
2010,850423,1
2010,850431,1
2010,850434,1
2010,850450,1
2010,850490,1
2010,850590,1
2010,850720,1
2010,850870,1
2010,851190,1
2010,851310,1
2010,851390,1
2010,851440,1
2010,851531,1
2010,851590,1
2010,851718,1
2010,851769,1
2010,851822,1
2010,851850,1
2010,852190,1
2010,852352,1
2010,852359,1
2010,852851,1
2010,852859,1
2010,852873,1
2010,852910,1
2010,853010,1
2010,853190,1
2010,853225,1
2010,853229,1
2010,853521,1
2010,853590,1
2010,853610,1
2010,853630,1
2010,853641,1
2010,853649,1
2010,853810,1
2010,854012,1
2010,854060,1
2010,854072,1
2010,854411,1
2010,854419,1
2010,854420,1
2010,854430,1
2010,854620,1
2010,854690,1
2010,854810,1
2010,860110,1
2010,860310,1
2010,860500,1
2010,860610,1
2010,860721,1
2010,860791,1
2010,870110,1
2010,870432,1
2010,870490,1
2010,870520,1
2010,870810,1
2010,870870,1
2010,870891,1
2010,870892,1
2010,870893,1
2010,870911,1
2010,870990,1
2010,871420,1
2010,871492,1
2010,871631,1
2010,871639,1
2010,871680,1
2010,880521,1
2010,890130,1
2010,890800,1
2010,900140,1
2010,900150,1
2010,900699,1
2010,900890,1
2010,901010,1
2010,901120,1
2010,901590,1
2010,901780,1
2010,901849,1
2010,901890,1
2010,902511,1
2010,902519,1
2010,902810,1
2010,902990,1
2010,903190,1
2010,903300,1
2010,910690,1
2010,910919,1
2010,911012,1
2010,911190,1
2010,911290,1
2010,911410,1
2010,930629,1
2010,930630,1
2010,940120,1
2010,940180,1
2010,940290,1
2010,940330,1
2010,940389,1
2010,940560,1
2010,940591,1
2010,940592,1
2010,940599,1
2010,940600,1
2010,960350,1
2010,960390,1
2010,960629,1
2010,961220,1
2010,961390,1
2011,10519,1
2011,20210,1
2011,20430,1
2011,40410,1
2011,50400,1
2011,50510,1
2011,50690,1
2011,51000,1
2011,51191,1
2011,60210,1
2011,90112,1
2011,100610,1
2011,100890,1
2011,110210,1
2011,110313,1
2011,110630,1
2011,120510,1
2011,120799,1
2011,120810,1
2011,120922,1
2011,121190,1
2011,121300,1
2011,140190,1
2011,140420,1
2011,150410,1
2011,150420,1
2011,150430,1
2011,151411,1
2011,151521,1
2011,151590,1
2011,151610,1
2011,152190,1
2011,160300,1
2011,170112,1
2011,170290,1
2011,180500,1
2011,180620,1
2011,210230,1
2011,230120,1
2011,230210,1
2011,230500,1
2011,230610,1
2011,240110,1
2011,240399,1
2011,250490,1
2011,250620,1
2011,250810,1
2011,251010,1
2011,251110,1
2011,251120,1
2011,251400,1
2011,251611,1
2011,251690,1
2011,251720,1
2011,251810,1
2011,251910,1
2011,251990,1
2011,252210,1
2011,252220,1
2011,252230,1
2011,252321,1
2011,252510,1
2011,252910,1
2011,260112,1
2011,260300,1
2011,260900,1
2011,261210,1
2011,261510,1
2011,261790,1
2011,261800,1
2011,262021,1
2011,262099,1
2011,262110,1
2011,262190,1
2011,270400,1
2011,270600,1
2011,270710,1
2011,270750,1
2011,270810,1
2011,270900,1
2011,271119,1
2011,271121,1
2011,271210,1
2011,271220,1
2011,271490,1
2011,271500,1
2011,280110,1
2011,280300,1
2011,280700,1
2011,280800,1
2011,280920,1
2011,281810,1
2011,281830,1
2011,282120,1
2011,282410,1
2011,282490,1
2011,282590,1
2011,282630,1
2011,282720,1
2011,282732,1
2011,282741,1
2011,282751,1
2011,283322,1
2011,283329,1
2011,283429,1
2011,283510,1
2011,283529,1
2011,283630,1
2011,283699,1
2011,283720,1
2011,283990,1
2011,284020,1
2011,284410,1
2011,284450,1
2011,284590,1
2011,284690,1
2011,284920,1
2011,284990,1
2011,290121,1
2011,290124,1
2011,290220,1
2011,290241,1
2011,290243,1
2011,290315,1
2011,290319,1
2011,290341,1
2011,290345,1
2011,290351,1
2011,290514,1
2011,290516,1
2011,290542,1
2011,290723,1
2011,290919,1
2011,290920,1
2011,290944,1
2011,291040,1
2011,291211,1
2011,291440,1
2011,291512,1
2011,291570,1
2011,291615,1
2011,291634,1
2011,291636,1
2011,291711,1
2011,291719,1
2011,291735,1
2011,291818,1
2011,291819,1
2011,291891,1
2011,291899,1
2011,291910,1
2011,292211,1
2011,292250,1
2011,292390,1
2011,292412,1
2011,292521,1
2011,292610,1
2011,292990,1
2011,293030,1
2011,293221,1
2011,293292,1
2011,293294,1
2011,293299,1
2011,293329,1
2011,293354,1
2011,293361,1
2011,293371,1
2011,293499,1
2011,293750,1
2011,293890,1
2011,293911,1
2011,293919,1
2011,293941,1
2011,293962,1
2011,293991,1
2011,294200,1
2011,300120,1
2011,300340,1
2011,300390,1
2011,300650,1
2011,310230,1
2011,310240,1
2011,310260,1
2011,310510,1
2011,310520,1
2011,310551,1
2011,310590,1
2011,320411,1
2011,320412,1
2011,320619,1
2011,320810,1
2011,320890,1
2011,321410,1
2011,321490,1
2011,330113,1
2011,330129,1
2011,340211,1
2011,340213,1
2011,340219,1
2011,340490,1
2011,350290,1
2011,350520,1
2011,350710,1
2011,350790,1
2011,360100,1
2011,360200,1
2011,360300,1
2011,370790,1
2011,380590,1
2011,380610,1
2011,380992,1
2011,380993,1
2011,381010,1
2011,381090,1
2011,381119,1
2011,381210,1
2011,381220,1
2011,381400,1
2011,381700,1
2011,382440,1
2011,382450,1
2011,382472,1
2011,382479,1
2011,382481,1
2011,382541,1
2011,382549,1
2011,382550,1
2011,382561,1
2011,382590,1
2011,390110,1
2011,390190,1
2011,390210,1
2011,390311,1
2011,390319,1
2011,390410,1
2011,390421,1
2011,390422,1
2011,390490,1
2011,390512,1
2011,390519,1
2011,390750,1
2011,390760,1
2011,390791,1
2011,390910,1
2011,390920,1
2011,390940,1
2011,390950,1
2011,391721,1
2011,391723,1
2011,391729,1
2011,391731,1
2011,391732,1
2011,391890,1
2011,392010,1
2011,392020,1
2011,392030,1
2011,392062,1
2011,392111,1
2011,392112,1
2011,392113,1
2011,392190,1
2011,392210,1
2011,392290,1
2011,392329,1
2011,392330,1
2011,392390,1
2011,392510,1
2011,392520,1
2011,392610,1
2011,392630,1
2011,400130,1
2011,400219,1
2011,400280,1
2011,400610,1
2011,400819,1
2011,400821,1
2011,400829,1
2011,400912,1
2011,400921,1
2011,400941,1
2011,401012,1
2011,401033,1
2011,401035,1
2011,401036,1
2011,401120,1
2011,401169,1
2011,401211,1
2011,401219,1
2011,401699,1
2011,401700,1
2011,410390,1
2011,410411,1
2011,410419,1
2011,410530,1
2011,410711,1
2011,410712,1
2011,410719,1
2011,410791,1
2011,410792,1
2011,411390,1
2011,411410,1
2011,411510,1
2011,430190,1
2011,430211,1
2011,430219,1
2011,430220,1
2011,440121,1
2011,440130,1
2011,440310,1
2011,440320,1
2011,440392,1
2011,440410,1
2011,440420,1
2011,440500,1
2011,440690,1
2011,440721,1
2011,440791,1
2011,440795,1
2011,440831,1
2011,441011,1
2011,441012,1
2011,441019,1
2011,441112,1
2011,441114,1
2011,441193,1
2011,441300,1
2011,441700,1
2011,441872,1
2011,441890,1
2011,442190,1
2011,470329,1
2011,470429,1
2011,470720,1
2011,470730,1
2011,480210,1
2011,480220,1
2011,480254,1
2011,480262,1
2011,480411,1
2011,480442,1
2011,480449,1
2011,480451,1
2011,480511,1
2011,480519,1
2011,480525,1
2011,480810,1
2011,480830,1
2011,481029,1
2011,481092,1
2011,481159,1
2011,481160,1
2011,481190,1
2011,481200,1
2011,481920,1
2011,481930,1
2011,481950,1
2011,481960,1
2011,482090,1
2011,482210,1
2011,482290,1
2011,482390,1
2011,490600,1
2011,510219,1
2011,510220,1
2011,510330,1
2011,510521,1
2011,510720,1
2011,511120,1
2011,520291,1
2011,520300,1
2011,520411,1
2011,520526,1
2011,520531,1
2011,520547,1
2011,520613,1
2011,520625,1
2011,520634,1
2011,520645,1
2011,520819,1
2011,520843,1
2011,520911,1
2011,520912,1
2011,520921,1
2011,520929,1
2011,520931,1
2011,520943,1
2011,520949,1
2011,520959,1
2011,521112,1
2011,521143,1
2011,521151,1
2011,521152,1
2011,521214,1
2011,521224,1
2011,530390,1
2011,530911,1
2011,540110,1
2011,540219,1
2011,540239,1
2011,540248,1
2011,540252,1
2011,540259,1
2011,540269,1
2011,540710,1
2011,540744,1
2011,540753,1
2011,540771,1
2011,540774,1
2011,540781,1
2011,540793,1
2011,550330,1
2011,550510,1
2011,550520,1
2011,550620,1
2011,550630,1
2011,550690,1
2011,550810,1
2011,550820,1
2011,550911,1
2011,550941,1
2011,550942,1
2011,550952,1
2011,551011,1
2011,551090,1
2011,551211,1
2011,551219,1
2011,551221,1
2011,551319,1
2011,551329,1
2011,551421,1
2011,551423,1
2011,551443,1
2011,551519,1
2011,551631,1
2011,551641,1
2011,551691,1
2011,560122,1
2011,560129,1
2011,560221,1
2011,560311,1
2011,560312,1
2011,560391,1
2011,560392,1
2011,560410,1
2011,560500,1
2011,560749,1
2011,560750,1
2011,560790,1
2011,560811,1
2011,560819,1
2011,560890,1
2011,560900,1
2011,580124,1
2011,580230,1
2011,580300,1
2011,580610,1
2011,580632,1
2011,580640,1
2011,580890,1
2011,581092,1
2011,581099,1
2011,581100,1
2011,590190,1
2011,590210,1
2011,590220,1
2011,590800,1
2011,591110,1
2011,591131,1
2011,591190,1
2011,600290,1
2011,600340,1
2011,600531,1
2011,600590,1
2011,600631,1
2011,600633,1
2011,600641,1
2011,630533,1
2011,630590,1
2011,631010,1
2011,631090,1
2011,660390,1
2011,680100,1
2011,680229,1
2011,680410,1
2011,680510,1
2011,680610,1
2011,680620,1
2011,680790,1
2011,680800,1
2011,680919,1
2011,680990,1
2011,681011,1
2011,681091,1
2011,681099,1
2011,681140,1
2011,681183,1
2011,681280,1
2011,681591,1
2011,690490,1
2011,690510,1
2011,691010,1
2011,691090,1
2011,691410,1
2011,700232,1
2011,700529,1
2011,700729,1
2011,700800,1
2011,700910,1
2011,700991,1
2011,700992,1
2011,701010,1
2011,701939,1
2011,701940,1
2011,701951,1
2011,701952,1
2011,701959,1
2011,701990,1
2011,710420,1
2011,710813,1
2011,711230,1
2011,711291,1
2011,711299,1
2011,720150,1
2011,720211,1
2011,720221,1
2011,720250,1
2011,720421,1
2011,720510,1
2011,720610,1
2011,720810,1
2011,720827,1
2011,720838,1
2011,720839,1
2011,720852,1
2011,720854,1
2011,720890,1
2011,720916,1
2011,720917,1
2011,720925,1
2011,720990,1
2011,721011,1
2011,721070,1
2011,721090,1
2011,721114,1
2011,721119,1
2011,721123,1
2011,721129,1
2011,721190,1
2011,721240,1
2011,721391,1
2011,721399,1
2011,721410,1
2011,721420,1
2011,721550,1
2011,721590,1
2011,721621,1
2011,721631,1
2011,721640,1
2011,721661,1
2011,721669,1
2011,721699,1
2011,721710,1
2011,721720,1
2011,721933,1
2011,722011,1
2011,722219,1
2011,722490,1
2011,722619,1
2011,722691,1
2011,722699,1
2011,722830,1
2011,722850,1
2011,722860,1
2011,722870,1
2011,722990,1
2011,730419,1
2011,730431,1
2011,730441,1
2011,730512,1
2011,730650,1
2011,730661,1
2011,730690,1
2011,730719,1
2011,730722,1
2011,730723,1
2011,730810,1
2011,730840,1
2011,730890,1
2011,731029,1
2011,731210,1
2011,731290,1
2011,731300,1
2011,731420,1
2011,731589,1
2011,731590,1
2011,731600,1
2011,731700,1
2011,731813,1
2011,732010,1
2011,732020,1
2011,732090,1
2011,732190,1
2011,732510,1
2011,732620,1
2011,732690,1
2011,740311,1
2011,740400,1
2011,740819,1
2011,740829,1
2011,740919,1
2011,740929,1
2011,741011,1
2011,741991,1
2011,741999,1
2011,750300,1
2011,750890,1
2011,760320,1
2011,760421,1
2011,760429,1
2011,760511,1
2011,760519,1
2011,760521,1
2011,760529,1
2011,760611,1
2011,760720,1
2011,760810,1
2011,760820,1
2011,760900,1
2011,761010,1
2011,761090,1
2011,761290,1
2011,761610,1
2011,780191,1
2011,780199,1
2011,780600,1
2011,790111,1
2011,790112,1
2011,790500,1
2011,790700,1
2011,800120,1
2011,800700,1
2011,810197,1
2011,810294,1
2011,810330,1
2011,810419,1
2011,810420,1
2011,810430,1
2011,810520,1
2011,810720,1
2011,811213,1
2011,811222,1
2011,811252,1
2011,811292,1
2011,811299,1
2011,820110,1
2011,820120,1
2011,820130,1
2011,820291,1
2011,820530,1
2011,820590,1
2011,820720,1
2011,820740,1
2011,820750,1
2011,830130,1
2011,830140,1
2011,830150,1
2011,830250,1
2011,830300,1
2011,830400,1
2011,830510,1
2011,830790,1
2011,830910,1
2011,831120,1
2011,831190,1
2011,840140,1
2011,840211,1
2011,840219,1
2011,840410,1
2011,840490,1
2011,840510,1
2011,840610,1
2011,840710,1
2011,840910,1
2011,841011,1
2011,841012,1
2011,841013,1
2011,841210,1
2011,841280,1
2011,841319,1
2011,841320,1
2011,841381,1
2011,841459,1
2011,841520,1
2011,841581,1
2011,841583,1
2011,841690,1
2011,841710,1
2011,841850,1
2011,841899,1
2011,841932,1
2011,842121,1
2011,842123,1
2011,842199,1
2011,842220,1
2011,842389,1
2011,842490,1
2011,842531,1
2011,842611,1
2011,842699,1
2011,842820,1
2011,842832,1
2011,842833,1
2011,842890,1
2011,843050,1
2011,843069,1
2011,843210,1
2011,843221,1
2011,843290,1
2011,843320,1
2011,843390,1
2011,843820,1
2011,843840,1
2011,843920,1
2011,843930,1
2011,844331,1
2011,844391,1
2011,845240,1
2011,845310,1
2011,845390,1
2011,845522,1
2011,845590,1
2011,845951,1
2011,845959,1
2011,846039,1
2011,846510,1
2011,846610,1
2011,846692,1
2011,846721,1
2011,846722,1
2011,846729,1
2011,846890,1
2011,847021,1
2011,847030,1
2011,847050,1
2011,847090,1
2011,847141,1
2011,847329,1
2011,847350,1
2011,847420,1
2011,847439,1
2011,847490,1
2011,847690,1
2011,847790,1
2011,847890,1
2011,847950,1
2011,847982,1
2011,848030,1
2011,848250,1
2011,848490,1
2011,850120,1
2011,850133,1
2011,850134,1
2011,850152,1
2011,850164,1
2011,850239,1
2011,850240,1
2011,850300,1
2011,850422,1
2011,850431,1
2011,850432,1
2011,850450,1
2011,850490,1
2011,850519,1
2011,850590,1
2011,850720,1
2011,850790,1
2011,850990,1
2011,851220,1
2011,851390,1
2011,851430,1
2011,851529,1
2011,851590,1
2011,851610,1
2011,851680,1
2011,851690,1
2011,851712,1
2011,851718,1
2011,851822,1
2011,851829,1
2011,851850,1
2011,851890,1
2011,852110,1
2011,852352,1
2011,852359,1
2011,852729,1
2011,852873,1
2011,852910,1
2011,853010,1
2011,853180,1
2011,853225,1
2011,853390,1
2011,853510,1
2011,853630,1
2011,853641,1
2011,853650,1
2011,853669,1
2011,853710,1
2011,853720,1
2011,853810,1
2011,853990,1
2011,854072,1
2011,854390,1
2011,854419,1
2011,854420,1
2011,854430,1
2011,854442,1
2011,854470,1
2011,854620,1
2011,854690,1
2011,854810,1
2011,860110,1
2011,860310,1
2011,860390,1
2011,860721,1
2011,860729,1
2011,860730,1
2011,860799,1
2011,860800,1
2011,870810,1
2011,870850,1
2011,870891,1
2011,870892,1
2011,870899,1
2011,871419,1
2011,871492,1
2011,871639,1
2011,880310,1
2011,880400,1
2011,890400,1
2011,890690,1
2011,890790,1
2011,890800,1
2011,900140,1
2011,900661,1
2011,900669,1
2011,900699,1
2011,900719,1
2011,900791,1
2011,901010,1
2011,901510,1
2011,901710,1
2011,901790,1
2011,901820,1
2011,901910,1
2011,902990,1
2011,903084,1
2011,903220,1
2011,903290,1
2011,903300,1
2011,910610,1
2011,910690,1
2011,911090,1
2011,911220,1
2011,930190,1
2011,930630,1
2011,930700,1
2011,940120,1
2011,940310,1
2011,940510,1
2011,940560,1
2011,940592,1
2011,940599,1
2011,940600,1
2011,960390,1
2011,961390,1
2011,961800,1
2012,10392,1
2012,10619,1
2012,10639,1
2012,40410,1
2012,40819,1
2012,50510,1
2012,50690,1
2012,50800,1
2012,51000,1
2012,51191,1
2012,51199,1
2012,81290,1
2012,110313,1
2012,110319,1
2012,110320,1
2012,110710,1
2012,110720,1
2012,120590,1
2012,120799,1
2012,121010,1
2012,121190,1
2012,121300,1
2012,140110,1
2012,140190,1
2012,150420,1
2012,151321,1
2012,151411,1
2012,151590,1
2012,152190,1
2012,160300,1
2012,170260,1
2012,170290,1
2012,170310,1
2012,180500,1
2012,180620,1
2012,220710,1
2012,220720,1
2012,230210,1
2012,230230,1
2012,230240,1
2012,230310,1
2012,230330,1
2012,230610,1
2012,230800,1
2012,250100,1
2012,250200,1
2012,250490,1
2012,250510,1
2012,250620,1
2012,251120,1
2012,251400,1
2012,251690,1
2012,251720,1
2012,251749,1
2012,251820,1
2012,252100,1
2012,252210,1
2012,252220,1
2012,252230,1
2012,252329,1
2012,252390,1
2012,252910,1
2012,253090,1
2012,260300,1
2012,261510,1
2012,261590,1
2012,261900,1
2012,262060,1
2012,262110,1
2012,270400,1
2012,270600,1
2012,270710,1
2012,270750,1
2012,270799,1
2012,270810,1
2012,270820,1
2012,270900,1
2012,271114,1
2012,271119,1
2012,271121,1
2012,271290,1
2012,271490,1
2012,271500,1
2012,280110,1
2012,280300,1
2012,280430,1
2012,280440,1
2012,280450,1
2012,280490,1
2012,280800,1
2012,280920,1
2012,281121,1
2012,281410,1
2012,281700,1
2012,281810,1
2012,281830,1
2012,282560,1
2012,282630,1
2012,282749,1
2012,283090,1
2012,283322,1
2012,283325,1
2012,283329,1
2012,283510,1
2012,283522,1
2012,283539,1
2012,283650,1
2012,283720,1
2012,283990,1
2012,284020,1
2012,284410,1
2012,284590,1
2012,284690,1
2012,284920,1
2012,285200,1
2012,290121,1
2012,290122,1
2012,290124,1
2012,290241,1
2012,290243,1
2012,290315,1
2012,290341,1
2012,290343,1
2012,290410,1
2012,290511,1
2012,290514,1
2012,290516,1
2012,290559,1
2012,290629,1
2012,290920,1
2012,291040,1
2012,291212,1
2012,291219,1
2012,291512,1
2012,291570,1
2012,291590,1
2012,291615,1
2012,291635,1
2012,291713,1
2012,291719,1
2012,291734,1
2012,291735,1
2012,291823,1
2012,291891,1
2012,291899,1
2012,291910,1
2012,292111,1
2012,292130,1
2012,292390,1
2012,292411,1
2012,292412,1
2012,292423,1
2012,292424,1
2012,292512,1
2012,292521,1
2012,292610,1
2012,292990,1
2012,293050,1
2012,293299,1
2012,293329,1
2012,293341,1
2012,293355,1
2012,293371,1
2012,293624,1
2012,293723,1
2012,293731,1
2012,293890,1
2012,293911,1
2012,293951,1
2012,293961,1
2012,293963,1
2012,294200,1
2012,300310,1
2012,300390,1
2012,300650,1
2012,310230,1
2012,310240,1
2012,310260,1
2012,310520,1
2012,310551,1
2012,310560,1
2012,310590,1
2012,320412,1
2012,320611,1
2012,320619,1
2012,320810,1
2012,320890,1
2012,321100,1
2012,321410,1
2012,321490,1
2012,321519,1
2012,330112,1
2012,340211,1
2012,340219,1
2012,340290,1
2012,340490,1
2012,350211,1
2012,350290,1
2012,350520,1
2012,350710,1
2012,360200,1
2012,360300,1
2012,380130,1
2012,380590,1
2012,380610,1
2012,380991,1
2012,380992,1
2012,381119,1
2012,381210,1
2012,381220,1
2012,381230,1
2012,381400,1
2012,382312,1
2012,382370,1
2012,382440,1
2012,382450,1
2012,382472,1
2012,382473,1
2012,382476,1
2012,382481,1
2012,382520,1
2012,382530,1
2012,382550,1
2012,382590,1
2012,390210,1
2012,390421,1
2012,390422,1
2012,390512,1
2012,390750,1
2012,390760,1
2012,390791,1
2012,390810,1
2012,390910,1
2012,391590,1
2012,391690,1
2012,391723,1
2012,391731,1
2012,391732,1
2012,391739,1
2012,391740,1
2012,391810,1
2012,391890,1
2012,392020,1
2012,392030,1
2012,392094,1
2012,392111,1
2012,392112,1
2012,392190,1
2012,392210,1
2012,392329,1
2012,392330,1
2012,392510,1
2012,392590,1
2012,392610,1
2012,392630,1
2012,400219,1
2012,400280,1
2012,400400,1
2012,400510,1
2012,400610,1
2012,400819,1
2012,400821,1
2012,400829,1
2012,400912,1
2012,401012,1
2012,401033,1
2012,401110,1
2012,401120,1
2012,401162,1
2012,401211,1
2012,401700,1
2012,410320,1
2012,410411,1
2012,410419,1
2012,410441,1
2012,410449,1
2012,410510,1
2012,410711,1
2012,410712,1
2012,410719,1
2012,410791,1
2012,410792,1
2012,410799,1
2012,411330,1
2012,411410,1
2012,411510,1
2012,430211,1
2012,430219,1
2012,430220,1
2012,440121,1
2012,440130,1
2012,440341,1
2012,440391,1
2012,440392,1
2012,440410,1
2012,440420,1
2012,440500,1
2012,440721,1
2012,440791,1
2012,440799,1
2012,440890,1
2012,441011,1
2012,441112,1
2012,441114,1
2012,441194,1
2012,441300,1
2012,441700,1
2012,441840,1
2012,441860,1
2012,441872,1
2012,442190,1
2012,470329,1
2012,470419,1
2012,470691,1
2012,470710,1
2012,470720,1
2012,470730,1
2012,480256,1
2012,480262,1
2012,480431,1
2012,480439,1
2012,480449,1
2012,480525,1
2012,480591,1
2012,480592,1
2012,480610,1
2012,480700,1
2012,480810,1
2012,480830,1
2012,481092,1
2012,481110,1
2012,481159,1
2012,481160,1
2012,481200,1
2012,481410,1
2012,481920,1
2012,482010,1
2012,482090,1
2012,482290,1
2012,490600,1
2012,490700,1
2012,510129,1
2012,510219,1
2012,510220,1
2012,510320,1
2012,510330,1
2012,510521,1
2012,510720,1
2012,511211,1
2012,520411,1
2012,520515,1
2012,520526,1
2012,520541,1
2012,520611,1
2012,520613,1
2012,520614,1
2012,520625,1
2012,520635,1
2012,520819,1
2012,520829,1
2012,520832,1
2012,520839,1
2012,520842,1
2012,520849,1
2012,520912,1
2012,520921,1
2012,520931,1
2012,520943,1
2012,521029,1
2012,521049,1
2012,521112,1
2012,521131,1
2012,521132,1
2012,521141,1
2012,521143,1
2012,521223,1
2012,530390,1
2012,530820,1
2012,530921,1
2012,540110,1
2012,540231,1
2012,540233,1
2012,540239,1
2012,540251,1
2012,540332,1
2012,540710,1
2012,540720,1
2012,540754,1
2012,540771,1
2012,540781,1
2012,540791,1
2012,550320,1
2012,550520,1
2012,550630,1
2012,550690,1
2012,550942,1
2012,551030,1
2012,551090,1
2012,551291,1
2012,551313,1
2012,551349,1
2012,551419,1
2012,551423,1
2012,551429,1
2012,551519,1
2012,551621,1
2012,551642,1
2012,560122,1
2012,560129,1
2012,560312,1
2012,560392,1
2012,560410,1
2012,560500,1
2012,560600,1
2012,560729,1
2012,560741,1
2012,560749,1
2012,560750,1
2012,560790,1
2012,560811,1
2012,560890,1
2012,560900,1
2012,580123,1
2012,580124,1
2012,580131,1
2012,580133,1
2012,580134,1
2012,580300,1
2012,580430,1
2012,580620,1
2012,580632,1
2012,580639,1
2012,580640,1
2012,580810,1
2012,581099,1
2012,581100,1
2012,590190,1
2012,590210,1
2012,590220,1
2012,590800,1
2012,591131,1
2012,591132,1
2012,600191,1
2012,600310,1
2012,600320,1
2012,600541,1
2012,600590,1
2012,600631,1
2012,600690,1
2012,630539,1
2012,630590,1
2012,630612,1
2012,630619,1
2012,631010,1
2012,631090,1
2012,680100,1
2012,680210,1
2012,680620,1
2012,680800,1
2012,680919,1
2012,680990,1
2012,681011,1
2012,681019,1
2012,681091,1
2012,681140,1
2012,681182,1
2012,681183,1
2012,681189,1
2012,681280,1
2012,690510,1
2012,690590,1
2012,690600,1
2012,691410,1
2012,700320,1
2012,700529,1
2012,700530,1
2012,700800,1
2012,700910,1
2012,700991,1
2012,701020,1
2012,701190,1
2012,701820,1
2012,701939,1
2012,701940,1
2012,701952,1
2012,701959,1
2012,710691,1
2012,710812,1
2012,710813,1
2012,711230,1
2012,711291,1
2012,711292,1
2012,711299,1
2012,720229,1
2012,720299,1
2012,720421,1
2012,720450,1
2012,720610,1
2012,720810,1
2012,720826,1
2012,720837,1
2012,720838,1
2012,720839,1
2012,720851,1
2012,720852,1
2012,720890,1
2012,720915,1
2012,720925,1
2012,720927,1
2012,720990,1
2012,721041,1
2012,721070,1
2012,721114,1
2012,721119,1
2012,721123,1
2012,721129,1
2012,721190,1
2012,721210,1
2012,721220,1
2012,721310,1
2012,721391,1
2012,721410,1
2012,721491,1
2012,721499,1
2012,721550,1
2012,721590,1
2012,721610,1
2012,721661,1
2012,721669,1
2012,721699,1
2012,721720,1
2012,721790,1
2012,721911,1
2012,721933,1
2012,721935,1
2012,722011,1
2012,722211,1
2012,722219,1
2012,722220,1
2012,722230,1
2012,722619,1
2012,722691,1
2012,722699,1
2012,722790,1
2012,722820,1
2012,722830,1
2012,722860,1
2012,722870,1
2012,730419,1
2012,730424,1
2012,730429,1
2012,730431,1
2012,730441,1
2012,730512,1
2012,730520,1
2012,730590,1
2012,730611,1
2012,730621,1
2012,730690,1
2012,730723,1
2012,730799,1
2012,730890,1
2012,731010,1
2012,731021,1
2012,731029,1
2012,731210,1
2012,731300,1
2012,731412,1
2012,731419,1
2012,731449,1
2012,731520,1
2012,731581,1
2012,731589,1
2012,731700,1
2012,732010,1
2012,732020,1
2012,732090,1
2012,732190,1
2012,732620,1
2012,732690,1
2012,740311,1
2012,740400,1
2012,740811,1
2012,740819,1
2012,740821,1
2012,740829,1
2012,741220,1
2012,741510,1
2012,741910,1
2012,741991,1
2012,750110,1
2012,750220,1
2012,750521,1
2012,750720,1
2012,750890,1
2012,760320,1
2012,760421,1
2012,760429,1
2012,760511,1
2012,760521,1
2012,760691,1
2012,760692,1
2012,760711,1
2012,760719,1
2012,760720,1
2012,760810,1
2012,760820,1
2012,760900,1
2012,761010,1
2012,761090,1
2012,761100,1
2012,761210,1
2012,761290,1
2012,761490,1
2012,761520,1
2012,761691,1
2012,761699,1
2012,780191,1
2012,780411,1
2012,790112,1
2012,790700,1
2012,800700,1
2012,810194,1
2012,810197,1
2012,810320,1
2012,810411,1
2012,810490,1
2012,810520,1
2012,810720,1
2012,810790,1
2012,811213,1
2012,811299,1
2012,811300,1
2012,820190,1
2012,820291,1
2012,820530,1
2012,820720,1
2012,820740,1
2012,820770,1
2012,821195,1
2012,830140,1
2012,830150,1
2012,830249,1
2012,830300,1
2012,830400,1
2012,830510,1
2012,830590,1
2012,830790,1
2012,830890,1
2012,831000,1
2012,831120,1
2012,840220,1
2012,840410,1
2012,840490,1
2012,840590,1
2012,840710,1
2012,841013,1
2012,841280,1
2012,841290,1
2012,841319,1
2012,841320,1
2012,841381,1
2012,841520,1
2012,841581,1
2012,841583,1
2012,841710,1
2012,841780,1
2012,841850,1
2012,841899,1
2012,841920,1
2012,841931,1
2012,841960,1
2012,842091,1
2012,842121,1
2012,842199,1
2012,842389,1
2012,842511,1
2012,842549,1
2012,842611,1
2012,842619,1
2012,842820,1
2012,842890,1
2012,842919,1
2012,842930,1
2012,842959,1
2012,843050,1
2012,843069,1
2012,843131,1
2012,843141,1
2012,843210,1
2012,843221,1
2012,843280,1
2012,843290,1
2012,843691,1
2012,843830,1
2012,843840,1
2012,843850,1
2012,843860,1
2012,844110,1
2012,844391,1
2012,844842,1
2012,845690,1
2012,845959,1
2012,846610,1
2012,846692,1
2012,846890,1
2012,847050,1
2012,847090,1
2012,847190,1
2012,847321,1
2012,847329,1
2012,847330,1
2012,847410,1
2012,847439,1
2012,847510,1
2012,847521,1
2012,847629,1
2012,847960,1
2012,847982,1
2012,848020,1
2012,848250,1
2012,848490,1
2012,848640,1
2012,848790,1
2012,850164,1
2012,850240,1
2012,850423,1
2012,850431,1
2012,850432,1
2012,850450,1
2012,850490,1
2012,850519,1
2012,850590,1
2012,850790,1
2012,850990,1
2012,851120,1
2012,851230,1
2012,851290,1
2012,851430,1
2012,851440,1
2012,851590,1
2012,851680,1
2012,851690,1
2012,851718,1
2012,851770,1
2012,851822,1
2012,851829,1
2012,851850,1
2012,852190,1
2012,852290,1
2012,852352,1
2012,852359,1
2012,852910,1
2012,853010,1
2012,853180,1
2012,853210,1
2012,853225,1
2012,853229,1
2012,853521,1
2012,853530,1
2012,853590,1
2012,853610,1
2012,853649,1
2012,853650,1
2012,853669,1
2012,853810,1
2012,853910,1
2012,853990,1
2012,854060,1
2012,854420,1
2012,854430,1
2012,854442,1
2012,854449,1
2012,854460,1
2012,854620,1
2012,854690,1
2012,854810,1
2012,860110,1
2012,860290,1
2012,860310,1
2012,860729,1
2012,870390,1
2012,870490,1
2012,870590,1
2012,870600,1
2012,870891,1
2012,870911,1
2012,870990,1
2012,871420,1
2012,871639,1
2012,871640,1
2012,871680,1
2012,871690,1
2012,890120,1
2012,890200,1
2012,890520,1
2012,890690,1
2012,890790,1
2012,890800,1
2012,900140,1
2012,900580,1
2012,900610,1
2012,900661,1
2012,900669,1
2012,900699,1
2012,900890,1
2012,901060,1
2012,901090,1
2012,901310,1
2012,901710,1
2012,901780,1
2012,901820,1
2012,902221,1
2012,902300,1
2012,902580,1
2012,902810,1
2012,902890,1
2012,902910,1
2012,911220,1
2012,911290,1
2012,911420,1
2012,930591,1
2012,930690,1
2012,940120,1
2012,940130,1
2012,940180,1
2012,940310,1
2012,940389,1
2012,940540,1
2012,940560,1
2012,940592,1
2012,940599,1
2012,940600,1
2012,950430,1
2012,960390,1
2012,961220,1
2012,961390,1
2013,10420,1
2013,10620,1
2013,10690,1
2013,20210,1
2013,40410,1
2013,40819,1
2013,50400,1
2013,50510,1
2013,50590,1
2013,50710,1
2013,50790,1
2013,51000,1
2013,51191,1
2013,51199,1
2013,81290,1
2013,110100,1
2013,110210,1
2013,110319,1
2013,110320,1
2013,110610,1
2013,120791,1
2013,120799,1
2013,120890,1
2013,120991,1
2013,121190,1
2013,140190,1
2013,150100,1
2013,150200,1
2013,150410,1
2013,150420,1
2013,150430,1
2013,151521,1
2013,151590,1
2013,151610,1
2013,152000,1
2013,170290,1
2013,180500,1
2013,180620,1
2013,220710,1
2013,230110,1
2013,230210,1
2013,230230,1
2013,230250,1
2013,230610,1
2013,230630,1
2013,230690,1
2013,230800,1
2013,250510,1
2013,251120,1
2013,251400,1
2013,251611,1
2013,251690,1
2013,251749,1
2013,251830,1
2013,251910,1
2013,251990,1
2013,252010,1
2013,252100,1
2013,252210,1
2013,252220,1
2013,252310,1
2013,252329,1
2013,252390,1
2013,252910,1
2013,253090,1
2013,260112,1
2013,260300,1
2013,261510,1
2013,261590,1
2013,261800,1
2013,261900,1
2013,262190,1
2013,270300,1
2013,270500,1
2013,270600,1
2013,270710,1
2013,270740,1
2013,270791,1
2013,270799,1
2013,270810,1
2013,270820,1
2013,270900,1
2013,271111,1
2013,271114,1
2013,271121,1
2013,271220,1
2013,271390,1
2013,271490,1
2013,280110,1
2013,280200,1
2013,280300,1
2013,280429,1
2013,280440,1
2013,280490,1
2013,280540,1
2013,281121,1
2013,281410,1
2013,281700,1
2013,281810,1
2013,281830,1
2013,282090,1
2013,282120,1
2013,282580,1
2013,282630,1
2013,282690,1
2013,282720,1
2013,282741,1
2013,283322,1
2013,283324,1
2013,283325,1
2013,283329,1
2013,283510,1
2013,283522,1
2013,283650,1
2013,283699,1
2013,283720,1
2013,283919,1
2013,283990,1
2013,284180,1
2013,284310,1
2013,284410,1
2013,284420,1
2013,284450,1
2013,284690,1
2013,284700,1
2013,284800,1
2013,284920,1
2013,290121,1
2013,290122,1
2013,290124,1
2013,290230,1
2013,290243,1
2013,290290,1
2013,290319,1
2013,290331,1
2013,290341,1
2013,290342,1
2013,290345,1
2013,290346,1
2013,290352,1
2013,290362,1
2013,290511,1
2013,290514,1
2013,290516,1
2013,290517,1
2013,290551,1
2013,290629,1
2013,290919,1
2013,290944,1
2013,291040,1
2013,291090,1
2013,291219,1
2013,291230,1
2013,291439,1
2013,291450,1
2013,291461,1
2013,291521,1
2013,291615,1
2013,291619,1
2013,291719,1
2013,291734,1
2013,291736,1
2013,291813,1
2013,291830,1
2013,291891,1
2013,292019,1
2013,292146,1
2013,292249,1
2013,292411,1
2013,292412,1
2013,292512,1
2013,292521,1
2013,292800,1
2013,292990,1
2013,293291,1
2013,293341,1
2013,293353,1
2013,293359,1
2013,293499,1
2013,293740,1
2013,293919,1
2013,293963,1
2013,294120,1
2013,300120,1
2013,300390,1
2013,300510,1
2013,310230,1
2013,310240,1
2013,310260,1
2013,310520,1
2013,310560,1
2013,310590,1
2013,320412,1
2013,320611,1
2013,320740,1
2013,320810,1
2013,321410,1
2013,321490,1
2013,330112,1
2013,340211,1
2013,340212,1
2013,340213,1
2013,340490,1
2013,350211,1
2013,350290,1
2013,350400,1
2013,350520,1
2013,350710,1
2013,360100,1
2013,360200,1
2013,360300,1
2013,370191,1
2013,380130,1
2013,380290,1
2013,380590,1
2013,380610,1
2013,380620,1
2013,380910,1
2013,380992,1
2013,381210,1
2013,381220,1
2013,381230,1
2013,382450,1
2013,382471,1
2013,382476,1
2013,382483,1
2013,382530,1
2013,382561,1
2013,390110,1
2013,390410,1
2013,390421,1
2013,390422,1
2013,390512,1
2013,390519,1
2013,390529,1
2013,390730,1
2013,390740,1
2013,390750,1
2013,390760,1
2013,390791,1
2013,390810,1
2013,390910,1
2013,390920,1
2013,390940,1
2013,391690,1
2013,391721,1
2013,391723,1
2013,391729,1
2013,391731,1
2013,391732,1
2013,391810,1
2013,391890,1
2013,392010,1
2013,392020,1
2013,392030,1
2013,392051,1
2013,392063,1
2013,392093,1
2013,392111,1
2013,392112,1
2013,392190,1
2013,392210,1
2013,392290,1
2013,392329,1
2013,392330,1
2013,392610,1
2013,392630,1
2013,400130,1
2013,400220,1
2013,400280,1
2013,400291,1
2013,400400,1
2013,400610,1
2013,400819,1
2013,400821,1
2013,400829,1
2013,400921,1
2013,400931,1
2013,400942,1
2013,401012,1
2013,401033,1
2013,401035,1
2013,401110,1
2013,401120,1
2013,401162,1
2013,401169,1
2013,401193,1
2013,401490,1
2013,401700,1
2013,410320,1
2013,410411,1
2013,410419,1
2013,410441,1
2013,410449,1
2013,410691,1
2013,410719,1
2013,410791,1
2013,410792,1
2013,411330,1
2013,411390,1
2013,411410,1
2013,411510,1
2013,420600,1
2013,430219,1
2013,430220,1
2013,430230,1
2013,440130,1
2013,440290,1
2013,440341,1
2013,440349,1
2013,440391,1
2013,440392,1
2013,440410,1
2013,440420,1
2013,440610,1
2013,440690,1
2013,440728,1
2013,440791,1
2013,440839,1
2013,441011,1
2013,441012,1
2013,441112,1
2013,441114,1
2013,441192,1
2013,441193,1
2013,441210,1
2013,441300,1
2013,441700,1
2013,441860,1
2013,441879,1
2013,441890,1
2013,470329,1
2013,470620,1
2013,470710,1
2013,470720,1
2013,470730,1
2013,480210,1
2013,480255,1
2013,480257,1
2013,480262,1
2013,480411,1
2013,480431,1
2013,480525,1
2013,480530,1
2013,480591,1
2013,480610,1
2013,480700,1
2013,480830,1
2013,481013,1
2013,481031,1
2013,481092,1
2013,481099,1
2013,481159,1
2013,481190,1
2013,481200,1
2013,481920,1
2013,481950,1
2013,482010,1
2013,482090,1
2013,482390,1
2013,490600,1
2013,490810,1
2013,491110,1
2013,500710,1
2013,510119,1
2013,510219,1
2013,510220,1
2013,510320,1
2013,510521,1
2013,510610,1
2013,511211,1
2013,511219,1
2013,520291,1
2013,520299,1
2013,520300,1
2013,520419,1
2013,520526,1
2013,520614,1
2013,520625,1
2013,520633,1
2013,520635,1
2013,520643,1
2013,520644,1
2013,520819,1
2013,520841,1
2013,520842,1
2013,520912,1
2013,520931,1
2013,520943,1
2013,520949,1
2013,521019,1
2013,521031,1
2013,521041,1
2013,521049,1
2013,521111,1
2013,521119,1
2013,521131,1
2013,521132,1
2013,521139,1
2013,521141,1
2013,521143,1
2013,530921,1
2013,531100,1
2013,540110,1
2013,540120,1
2013,540219,1
2013,540220,1
2013,540233,1
2013,540239,1
2013,540245,1
2013,540251,1
2013,540252,1
2013,540259,1
2013,540262,1
2013,540269,1
2013,540710,1
2013,540720,1
2013,540752,1
2013,540753,1
2013,540771,1
2013,540781,1
2013,540791,1
2013,540793,1
2013,540810,1
2013,540821,1
2013,540823,1
2013,550330,1
2013,550520,1
2013,550630,1
2013,550911,1
2013,550922,1
2013,550942,1
2013,551011,1
2013,551090,1
2013,551211,1
2013,551219,1
2013,551291,1
2013,551313,1
2013,551321,1
2013,551339,1
2013,551349,1
2013,551421,1
2013,551429,1
2013,551449,1
2013,551511,1
2013,551644,1
2013,551693,1
2013,560122,1
2013,560129,1
2013,560221,1
2013,560311,1
2013,560312,1
2013,560392,1
2013,560410,1
2013,560500,1
2013,560600,1
2013,560721,1
2013,560729,1
2013,560741,1
2013,560749,1
2013,560750,1
2013,560790,1
2013,560811,1
2013,560819,1
2013,560890,1
2013,560900,1
2013,580123,1
2013,580220,1
2013,580620,1
2013,580632,1
2013,580639,1
2013,580640,1
2013,581010,1
2013,581099,1
2013,581100,1
2013,590190,1
2013,590210,1
2013,590220,1
2013,590310,1
2013,591110,1
2013,591131,1
2013,591132,1
2013,600191,1
2013,600240,1
2013,600310,1
2013,600390,1
2013,600524,1
2013,600531,1
2013,600590,1
2013,600631,1
2013,600633,1
2013,600641,1
2013,630539,1
2013,630590,1
2013,631010,1
2013,631090,1
2013,660320,1
2013,680100,1
2013,680229,1
2013,680410,1
2013,680510,1
2013,680520,1
2013,680620,1
2013,680800,1
2013,680919,1
2013,680990,1
2013,681011,1
2013,681019,1
2013,681091,1
2013,681189,1
2013,681320,1
2013,681591,1
2013,690490,1
2013,690510,1
2013,690590,1
2013,690990,1
2013,691010,1
2013,691410,1
2013,700232,1
2013,700510,1
2013,700910,1
2013,700991,1
2013,701020,1
2013,701110,1
2013,701190,1
2013,701820,1
2013,701939,1
2013,701952,1
2013,701959,1
2013,701990,1
2013,710700,1
2013,710811,1
2013,711019,1
2013,711230,1
2013,711291,1
2013,711299,1
2013,711810,1
2013,720150,1
2013,720221,1
2013,720229,1
2013,720230,1
2013,720299,1
2013,720410,1
2013,720421,1
2013,720430,1
2013,720510,1
2013,720719,1
2013,720810,1
2013,720826,1
2013,720827,1
2013,720837,1
2013,720838,1
2013,720839,1
2013,720852,1
2013,720890,1
2013,720916,1
2013,720925,1
2013,720990,1
2013,721011,1
2013,721041,1
2013,721050,1
2013,721070,1
2013,721113,1
2013,721114,1
2013,721119,1
2013,721190,1
2013,721210,1
2013,721220,1
2013,721240,1
2013,721310,1
2013,721399,1
2013,721410,1
2013,721491,1
2013,721550,1
2013,721590,1
2013,721621,1
2013,721661,1
2013,721669,1
2013,721691,1
2013,721699,1
2013,721710,1
2013,721720,1
2013,721790,1
2013,721922,1
2013,721923,1
2013,721932,1
2013,721933,1
2013,722011,1
2013,722219,1
2013,722230,1
2013,722410,1
2013,722490,1
2013,722530,1
2013,722611,1
2013,722619,1
2013,722620,1
2013,722699,1
2013,722790,1
2013,722820,1
2013,722830,1
2013,722840,1
2013,722850,1
2013,722860,1
2013,722870,1
2013,722990,1
2013,730240,1
2013,730290,1
2013,730419,1
2013,730441,1
2013,730490,1
2013,730512,1
2013,730520,1
2013,730590,1
2013,730629,1
2013,730661,1
2013,730690,1
2013,730719,1
2013,730723,1
2013,730729,1
2013,730799,1
2013,730810,1
2013,730890,1
2013,731010,1
2013,731029,1
2013,731210,1
2013,731290,1
2013,731300,1
2013,731441,1
2013,731449,1
2013,731581,1
2013,731589,1
2013,731590,1
2013,731700,1
2013,732010,1
2013,732020,1
2013,732090,1
2013,732190,1
2013,732421,1
2013,732620,1
2013,732690,1
2013,740311,1
2013,740811,1
2013,740819,1
2013,740829,1
2013,740911,1
2013,740939,1
2013,741011,1
2013,741022,1
2013,741110,1
2013,741510,1
2013,741910,1
2013,750512,1
2013,750610,1
2013,750720,1
2013,750890,1
2013,760120,1
2013,760410,1
2013,760421,1
2013,760511,1
2013,760612,1
2013,760692,1
2013,760711,1
2013,760720,1
2013,760810,1
2013,760820,1
2013,760900,1
2013,761010,1
2013,761090,1
2013,761100,1
2013,761290,1
2013,761490,1
2013,761520,1
2013,761699,1
2013,780191,1
2013,780600,1
2013,790112,1
2013,790700,1
2013,800300,1
2013,810194,1
2013,810197,1
2013,810330,1
2013,810419,1
2013,810520,1
2013,810720,1
2013,810790,1
2013,811090,1
2013,820110,1
2013,820130,1
2013,820190,1
2013,820530,1
2013,820719,1
2013,820740,1
2013,820750,1
2013,820770,1
2013,820810,1
2013,830140,1
2013,830150,1
2013,830210,1
2013,830230,1
2013,830250,1
2013,830300,1
2013,830400,1
2013,830510,1
2013,830520,1
2013,830590,1
2013,830790,1
2013,830910,1
2013,831000,1
2013,831110,1
2013,831190,1
2013,840140,1
2013,840211,1
2013,840290,1
2013,840310,1
2013,840490,1
2013,840910,1
2013,841011,1
2013,841013,1
2013,841090,1
2013,841239,1
2013,841280,1
2013,841290,1
2013,841381,1
2013,841583,1
2013,841720,1
2013,841891,1
2013,841899,1
2013,841931,1
2013,841939,1
2013,841950,1
2013,842111,1
2013,842121,1
2013,842191,1
2013,842199,1
2013,842230,1
2013,842389,1
2013,842549,1
2013,842611,1
2013,842630,1
2013,842810,1
2013,842833,1
2013,842959,1
2013,843020,1
2013,843039,1
2013,843131,1
2013,843139,1
2013,843142,1
2013,843210,1
2013,843221,1
2013,843240,1
2013,843280,1
2013,843290,1
2013,843840,1
2013,843890,1
2013,843930,1
2013,844140,1
2013,844391,1
2013,844629,1
2013,844842,1
2013,845190,1
2013,845390,1
2013,845620,1
2013,845690,1
2013,845819,1
2013,846510,1
2013,846620,1
2013,846692,1
2013,846693,1
2013,846694,1
2013,847021,1
2013,847030,1
2013,847149,1
2013,847310,1
2013,847321,1
2013,847431,1
2013,847480,1
2013,847490,1
2013,847510,1
2013,847529,1
2013,847621,1
2013,847689,1
2013,847690,1
2013,847890,1
2013,847982,1
2013,848030,1
2013,848050,1
2013,848130,1
2013,848250,1
2013,848420,1
2013,848490,1
2013,850120,1
2013,850134,1
2013,850151,1
2013,850212,1
2013,850240,1
2013,850300,1
2013,850421,1
2013,850423,1
2013,850431,1
2013,850432,1
2013,850450,1
2013,850490,1
2013,850590,1
2013,850720,1
2013,850990,1
2013,851120,1
2013,851390,1
2013,851490,1
2013,851590,1
2013,851680,1
2013,851690,1
2013,851769,1
2013,851821,1
2013,851822,1
2013,851850,1
2013,851890,1
2013,852110,1
2013,852190,1
2013,852290,1
2013,852610,1
2013,852729,1
2013,852841,1
2013,853110,1
2013,853120,1
2013,853180,1
2013,853190,1
2013,853225,1
2013,853339,1
2013,853340,1
2013,853530,1
2013,853590,1
2013,853649,1
2013,853650,1
2013,853710,1
2013,853810,1
2013,853929,1
2013,853990,1
2013,854091,1
2013,854411,1
2013,854419,1
2013,854420,1
2013,854430,1
2013,854442,1
2013,854460,1
2013,854519,1
2013,854620,1
2013,854690,1
2013,854790,1
2013,854810,1
2013,860721,1
2013,860791,1
2013,860900,1
2013,870600,1
2013,870810,1
2013,870870,1
2013,870891,1
2013,870990,1
2013,871000,1
2013,871492,1
2013,871620,1
2013,871639,1
2013,871690,1
2013,890130,1
2013,890400,1
2013,890520,1
2013,890800,1
2013,900140,1
2013,900699,1
2013,900840,1
2013,900890,1
2013,901010,1
2013,901710,1
2013,901820,1
2013,901910,1
2013,902810,1
2013,902830,1
2013,903033,1
2013,903180,1
2013,903220,1
2013,903300,1
2013,910690,1
2013,910919,1
2013,911440,1
2013,930120,1
2013,930521,1
2013,930630,1
2013,930690,1
2013,940120,1
2013,940130,1
2013,940320,1
2013,940330,1
2013,940540,1
2013,940560,1
2013,940592,1
2013,940599,1
2013,940600,1
2013,960390,1
2013,961220,1
2014,10519,1
2014,10620,1
2014,20110,1
2014,20210,1
2014,40410,1
2014,50400,1
2014,50510,1
2014,50590,1
2014,50800,1
2014,51000,1
2014,51191,1
2014,51199,1
2014,60290,1
2014,60410,1
2014,81290,1
2014,100510,1
2014,120750,1
2014,120799,1
2014,120810,1
2014,120890,1
2014,120991,1
2014,120999,1
2014,121010,1
2014,121190,1
2014,121300,1
2014,140420,1
2014,150410,1
2014,150430,1
2014,151411,1
2014,151521,1
2014,151590,1
2014,151610,1
2014,152190,1
2014,152200,1
2014,160300,1
2014,170191,1
2014,170260,1
2014,180200,1
2014,180620,1
2014,210230,1
2014,230120,1
2014,230210,1
2014,230230,1
2014,230610,1
2014,230649,1
2014,230800,1
2014,230990,1
2014,240110,1
2014,250300,1
2014,250490,1
2014,250510,1
2014,250620,1
2014,251400,1
2014,251810,1
2014,251830,1
2014,251910,1
2014,251990,1
2014,252220,1
2014,252230,1
2014,252329,1
2014,252390,1
2014,252620,1
2014,252910,1
2014,252922,1
2014,253090,1
2014,260300,1
2014,261000,1
2014,261510,1
2014,261800,1
2014,261900,1
2014,262110,1
2014,262190,1
2014,270400,1
2014,270600,1
2014,270710,1
2014,270740,1
2014,270750,1
2014,270791,1
2014,270799,1
2014,270810,1
2014,270900,1
2014,271111,1
2014,271114,1
2014,271119,1
2014,271121,1
2014,271290,1
2014,271410,1
2014,280110,1
2014,280200,1
2014,280300,1
2014,280430,1
2014,280440,1
2014,280469,1
2014,280800,1
2014,281121,1
2014,281210,1
2014,281410,1
2014,281420,1
2014,281511,1
2014,281700,1
2014,281810,1
2014,281820,1
2014,281830,1
2014,282120,1
2014,282580,1
2014,282590,1
2014,282612,1
2014,282690,1
2014,282720,1
2014,283322,1
2014,283324,1
2014,283329,1
2014,283510,1
2014,283620,1
2014,283650,1
2014,283720,1
2014,283919,1
2014,283990,1
2014,284020,1
2014,284410,1
2014,284700,1
2014,284800,1
2014,284920,1
2014,285200,1
2014,290121,1
2014,290220,1
2014,290230,1
2014,290241,1
2014,290243,1
2014,290244,1
2014,290290,1
2014,290343,1
2014,290351,1
2014,290362,1
2014,290514,1
2014,290516,1
2014,290529,1
2014,290542,1
2014,290722,1
2014,290891,1
2014,290920,1
2014,290944,1
2014,291040,1
2014,291100,1
2014,291211,1
2014,291439,1
2014,291440,1
2014,291512,1
2014,291612,1
2014,291613,1
2014,291619,1
2014,291714,1
2014,291719,1
2014,291732,1
2014,291734,1
2014,291736,1
2014,292011,1
2014,292019,1
2014,292149,1
2014,292214,1
2014,292250,1
2014,292419,1
2014,292521,1
2014,292610,1
2014,292990,1
2014,293050,1
2014,293219,1
2014,293229,1
2014,293292,1
2014,293295,1
2014,293430,1
2014,293491,1
2014,293810,1
2014,293911,1
2014,293919,1
2014,293949,1
2014,293951,1
2014,294200,1
2014,300120,1
2014,300320,1
2014,300390,1
2014,300650,1
2014,300692,1
2014,310210,1
2014,310230,1
2014,310240,1
2014,310280,1
2014,310520,1
2014,310551,1
2014,310559,1
2014,320611,1
2014,320740,1
2014,321000,1
2014,321590,1
2014,330112,1
2014,330113,1
2014,340211,1
2014,340212,1
2014,340490,1
2014,350211,1
2014,350290,1
2014,350400,1
2014,350691,1
2014,350710,1
2014,360100,1
2014,360200,1
2014,380290,1
2014,380300,1
2014,380590,1
2014,380610,1
2014,380910,1
2014,380991,1
2014,380992,1
2014,381090,1
2014,381210,1
2014,381220,1
2014,381230,1
2014,382200,1
2014,382473,1
2014,382475,1
2014,382530,1
2014,382541,1
2014,382561,1
2014,382569,1
2014,382590,1
2014,390120,1
2014,390319,1
2014,390410,1
2014,390421,1
2014,390422,1
2014,390512,1
2014,390519,1
2014,390740,1
2014,390750,1
2014,390760,1
2014,390791,1
2014,390810,1
2014,390910,1
2014,390920,1
2014,390940,1
2014,390950,1
2014,391212,1
2014,391520,1
2014,391690,1
2014,391721,1
2014,391723,1
2014,391729,1
2014,391732,1
2014,391733,1
2014,391739,1
2014,391810,1
2014,391890,1
2014,392020,1
2014,392030,1
2014,392049,1
2014,392111,1
2014,392112,1
2014,392190,1
2014,392210,1
2014,392290,1
2014,392321,1
2014,392329,1
2014,392330,1
2014,392340,1
2014,392390,1
2014,392510,1
2014,392630,1
2014,400130,1
2014,400280,1
2014,400510,1
2014,400520,1
2014,400591,1
2014,400610,1
2014,400690,1
2014,400821,1
2014,400829,1
2014,400942,1
2014,401012,1
2014,401033,1
2014,401035,1
2014,401036,1
2014,401169,1
2014,401211,1
2014,401490,1
2014,401700,1
2014,410120,1
2014,410190,1
2014,410320,1
2014,410390,1
2014,410441,1
2014,410449,1
2014,410691,1
2014,410711,1
2014,410719,1
2014,410799,1
2014,411410,1
2014,420600,1
2014,430160,1
2014,440110,1
2014,440121,1
2014,440130,1
2014,440290,1
2014,440310,1
2014,440392,1
2014,440410,1
2014,440721,1
2014,440791,1
2014,440910,1
2014,441011,1
2014,441090,1
2014,441114,1
2014,441193,1
2014,441300,1
2014,441510,1
2014,441520,1
2014,441700,1
2014,441860,1
2014,441872,1
2014,441879,1
2014,470100,1
2014,470329,1
2014,470421,1
2014,470429,1
2014,470500,1
2014,470693,1
2014,470720,1
2014,470730,1
2014,480210,1
2014,480220,1
2014,480255,1
2014,480256,1
2014,480257,1
2014,480411,1
2014,480431,1
2014,480512,1
2014,480530,1
2014,480591,1
2014,480592,1
2014,480610,1
2014,480700,1
2014,480820,1
2014,481099,1
2014,481159,1
2014,481320,1
2014,481920,1
2014,481940,1
2014,481950,1
2014,482010,1
2014,482090,1
2014,482290,1
2014,490600,1
2014,500500,1
2014,510219,1
2014,510220,1
2014,510320,1
2014,510521,1
2014,510610,1
2014,510720,1
2014,520291,1
2014,520419,1
2014,520526,1
2014,520611,1
2014,520613,1
2014,520621,1
2014,520625,1
2014,520632,1
2014,520635,1
2014,520819,1
2014,520822,1
2014,520832,1
2014,520833,1
2014,520842,1
2014,520843,1
2014,520859,1
2014,520912,1
2014,520922,1
2014,520931,1
2014,520943,1
2014,520949,1
2014,521029,1
2014,521031,1
2014,521032,1
2014,521049,1
2014,521119,1
2014,521132,1
2014,521152,1
2014,521159,1
2014,521214,1
2014,530820,1
2014,530921,1
2014,530929,1
2014,540110,1
2014,540120,1
2014,540220,1
2014,540231,1
2014,540232,1
2014,540245,1
2014,540248,1
2014,540251,1
2014,540252,1
2014,540259,1
2014,540262,1
2014,540269,1
2014,540332,1
2014,540720,1
2014,540752,1
2014,540753,1
2014,540771,1
2014,540810,1
2014,540823,1
2014,540831,1
2014,550340,1
2014,550510,1
2014,550630,1
2014,550820,1
2014,550942,1
2014,550959,1
2014,551020,1
2014,551030,1
2014,551090,1
2014,551211,1
2014,551219,1
2014,551291,1
2014,551319,1
2014,551411,1
2014,551421,1
2014,551429,1
2014,551430,1
2014,551449,1
2014,551511,1
2014,551519,1
2014,551641,1
2014,551644,1
2014,551692,1
2014,551693,1
2014,560129,1
2014,560221,1
2014,560311,1
2014,560391,1
2014,560410,1
2014,560500,1
2014,560600,1
2014,560741,1
2014,560750,1
2014,560790,1
2014,560811,1
2014,560819,1
2014,560890,1
2014,560900,1
2014,580190,1
2014,580230,1
2014,580421,1
2014,580430,1
2014,580610,1
2014,580632,1
2014,580639,1
2014,580640,1
2014,581099,1
2014,581100,1
2014,590190,1
2014,590210,1
2014,590220,1
2014,590310,1
2014,590700,1
2014,591131,1
2014,591132,1
2014,600191,1
2014,600199,1
2014,600240,1
2014,600310,1
2014,600320,1
2014,600330,1
2014,600531,1
2014,600543,1
2014,600590,1
2014,600610,1
2014,600631,1
2014,600633,1
2014,600641,1
2014,600690,1
2014,630539,1
2014,630612,1
2014,630619,1
2014,631090,1
2014,660320,1
2014,680229,1
2014,680510,1
2014,680620,1
2014,680790,1
2014,680800,1
2014,680990,1
2014,681019,1
2014,681091,1
2014,681182,1
2014,681189,1
2014,681280,1
2014,681291,1
2014,681381,1
2014,681591,1
2014,690510,1
2014,690590,1
2014,690912,1
2014,690990,1
2014,691010,1
2014,691410,1
2014,700232,1
2014,700420,1
2014,700510,1
2014,700800,1
2014,700910,1
2014,700991,1
2014,700992,1
2014,701090,1
2014,701110,1
2014,701720,1
2014,701932,1
2014,701952,1
2014,701959,1
2014,702000,1
2014,710110,1
2014,710391,1
2014,711031,1
2014,711039,1
2014,711230,1
2014,711292,1
2014,711299,1
2014,720211,1
2014,720221,1
2014,720229,1
2014,720299,1
2014,720390,1
2014,720421,1
2014,720810,1
2014,720838,1
2014,720839,1
2014,720852,1
2014,720854,1
2014,720890,1
2014,720916,1
2014,720917,1
2014,720927,1
2014,720990,1
2014,721011,1
2014,721020,1
2014,721049,1
2014,721070,1
2014,721090,1
2014,721114,1
2014,721119,1
2014,721129,1
2014,721190,1
2014,721220,1
2014,721310,1
2014,721391,1
2014,721410,1
2014,721491,1
2014,721550,1
2014,721590,1
2014,721640,1
2014,721661,1
2014,721669,1
2014,721691,1
2014,721699,1
2014,721710,1
2014,721720,1
2014,721790,1
2014,721911,1
2014,721924,1
2014,721931,1
2014,721932,1
2014,721933,1
2014,721934,1
2014,721935,1
2014,722011,1
2014,722012,1
2014,722020,1
2014,722240,1
2014,722490,1
2014,722511,1
2014,722550,1
2014,722611,1
2014,722691,1
2014,722699,1
2014,722830,1
2014,722850,1
2014,722860,1
2014,722920,1
2014,730411,1
2014,730419,1
2014,730621,1
2014,730630,1
2014,730661,1
2014,730723,1
2014,730729,1
2014,730830,1
2014,730890,1
2014,731010,1
2014,731029,1
2014,731210,1
2014,731290,1
2014,731300,1
2014,731419,1
2014,731439,1
2014,731442,1
2014,731449,1
2014,731590,1
2014,731700,1
2014,732010,1
2014,732020,1
2014,732090,1
2014,732190,1
2014,732410,1
2014,732620,1
2014,732690,1
2014,740311,1
2014,740721,1
2014,740811,1
2014,740819,1
2014,740821,1
2014,740829,1
2014,740911,1
2014,741220,1
2014,741910,1
2014,741991,1
2014,750400,1
2014,750521,1
2014,750720,1
2014,750890,1
2014,760120,1
2014,760320,1
2014,760410,1
2014,760421,1
2014,760519,1
2014,760521,1
2014,760612,1
2014,760692,1
2014,760711,1
2014,760720,1
2014,760810,1
2014,760820,1
2014,760900,1
2014,761010,1
2014,761210,1
2014,761290,1
2014,761520,1
2014,761610,1
2014,761691,1
2014,761699,1
2014,780191,1
2014,780199,1
2014,780600,1
2014,790112,1
2014,790700,1
2014,800110,1
2014,800200,1
2014,810194,1
2014,810197,1
2014,810299,1
2014,810330,1
2014,810419,1
2014,810490,1
2014,810520,1
2014,810720,1
2014,811020,1
2014,811251,1
2014,811292,1
2014,820110,1
2014,820120,1
2014,820190,1
2014,820210,1
2014,820510,1
2014,820530,1
2014,820580,1
2014,820719,1
2014,820750,1
2014,820760,1
2014,820770,1
2014,820780,1
2014,820810,1
2014,821195,1
2014,830130,1
2014,830210,1
2014,830230,1
2014,830300,1
2014,830400,1
2014,830590,1
2014,830910,1
2014,831000,1
2014,831110,1
2014,831190,1
2014,840140,1
2014,840211,1
2014,840219,1
2014,840220,1
2014,840290,1
2014,840410,1
2014,840490,1
2014,840510,1
2014,840910,1
2014,840999,1
2014,841012,1
2014,841013,1
2014,841229,1
2014,841280,1
2014,841320,1
2014,841381,1
2014,841581,1
2014,841583,1
2014,841891,1
2014,841899,1
2014,841919,1
2014,841931,1
2014,841939,1
2014,841950,1
2014,842091,1
2014,842121,1
2014,842191,1
2014,842199,1
2014,842230,1
2014,842490,1
2014,842810,1
2014,842959,1
2014,843039,1
2014,843110,1
2014,843120,1
2014,843139,1
2014,843143,1
2014,843210,1
2014,843221,1
2014,843280,1
2014,843290,1
2014,843840,1
2014,843850,1
2014,843999,1
2014,844312,1
2014,844316,1
2014,844391,1
2014,844629,1
2014,844842,1
2014,845110,1
2014,845190,1
2014,845390,1
2014,845530,1
2014,845690,1
2014,845819,1
2014,845939,1
2014,845940,1
2014,845959,1
2014,846594,1
2014,846599,1
2014,846692,1
2014,846694,1
2014,846722,1
2014,846890,1
2014,847420,1
2014,847431,1
2014,847439,1
2014,847689,1
2014,847690,1
2014,847890,1
2014,848490,1
2014,848790,1
2014,850120,1
2014,850133,1
2014,850164,1
2014,850300,1
2014,850421,1
2014,850423,1
2014,850431,1
2014,850432,1
2014,850433,1
2014,850490,1
2014,850590,1
2014,850710,1
2014,850990,1
2014,851230,1
2014,851290,1
2014,851390,1
2014,851680,1
2014,851690,1
2014,851769,1
2014,851822,1
2014,851830,1
2014,851850,1
2014,851890,1
2014,852190,1
2014,852352,1
2014,852380,1
2014,852721,1
2014,852729,1
2014,852851,1
2014,852861,1
2014,852873,1
2014,852910,1
2014,853010,1
2014,853190,1
2014,853210,1
2014,853229,1
2014,853339,1
2014,853340,1
2014,853590,1
2014,853630,1
2014,853650,1
2014,853710,1
2014,853720,1
2014,853810,1
2014,853932,1
2014,854040,1
2014,854130,1
2014,854150,1
2014,854160,1
2014,854390,1
2014,854419,1
2014,854420,1
2014,854430,1
2014,854442,1
2014,854460,1
2014,854470,1
2014,854620,1
2014,854690,1
2014,854790,1
2014,854810,1
2014,860390,1
2014,860699,1
2014,860719,1
2014,860729,1
2014,860799,1
2014,860800,1
2014,860900,1
2014,870423,1
2014,870590,1
2014,870600,1
2014,870790,1
2014,870810,1
2014,870891,1
2014,870892,1
2014,870990,1
2014,871492,1
2014,871690,1
2014,880260,1
2014,880510,1
2014,890610,1
2014,890690,1
2014,890800,1
2014,900140,1
2014,900580,1
2014,900590,1
2014,900630,1
2014,900669,1
2014,900699,1
2014,900820,1
2014,900840,1
2014,901010,1
2014,901710,1
2014,901811,1
2014,901890,1
2014,901910,1
2014,902300,1
2014,902410,1
2014,902810,1
2014,902830,1
2014,903031,1
2014,903180,1
2014,903300,1
2014,910690,1
2014,910700,1
2014,910890,1
2014,911410,1
2014,930119,1
2014,930390,1
2014,930630,1
2014,940120,1
2014,940130,1
2014,940310,1
2014,940320,1
2014,940330,1
2014,940540,1
2014,940560,1
2014,940592,1
2014,940599,1
2014,940600,1
2014,950430,1
2014,960629,1
2014,960630,1
2014,960719,1
2014,961390,1
