,,,mp,mp,q,x,xp,xp
,,,@BASE_YEAR,@OBS_VALUE,@OBS_VALUE,@OBS_VALUE,@BASE_YEAR,@OBS_VALUE
level_0,full_name,date,,,,,,
AG,Antigua and Barbuda,2007,2010,81.3047769168,98.4291410262,173966666.667,2010,89.232745672
AG,Antigua and Barbuda,2008,2010,102.644186922,92.7046905096,92355555.5556,2010,107.033655087
AG,Antigua and Barbuda,2009,2010,94.627998131,96.5751653189,205703703.704,2010,86.3325706724
AG,Antigua and Barbuda,2010,2010,100.0,100.0,34825925.9259,2010,100.0
AG,Antigua and Barbuda,2011,2010,108.701910033,98.3518482575,29022222.2222,2010,122.02064927
AG,Antigua and Barbuda,2012,2010,112.832398478,104.111662181,29003703.7037,2010,118.257064822
AG,Antigua and Barbuda,2013,2010,109.524881696,102.07679097,32285185.1852,2010,114.987555571
AG,Antigua and Barbuda,2014,2010,106.657133566,99.4988205499,25087215.9259,2010,107.59575642
AG,Antigua and Barbuda,2015,2010,113.738287675,109.523261945,26260792.2222,2010,89.6683791031
AM,Armenia,2007,2010,91.0696885963,97.5123978345,1219090000.0,2010,92.7896577894
AM,Armenia,2008,2010,105.643295282,105.86425116,1057153523.67,2010,106.438991344
AM,Armenia,2009,2010,91.4175360389,97.9174858278,697744915.84,2010,85.9160430819
AM,Armenia,2010,2010,100.0,100.0,1011430000.0,2010,100.0
AM,Armenia,2011,2010,126.496104484,100.085503342,1315560000.0,2010,117.028761537
AM,Armenia,2012,2010,129.762611067,96.8182766794,1428140483.0,2010,117.424682587
AM,Armenia,2013,2010,125.447444236,97.968943347,1478748571.0,2010,115.640692167
AM,Armenia,2014,2010,124.424076331,101.785821764,1519295796.0,2010,110.744655513
AM,Armenia,2015,2010,117.304811017,104.877984059,1485331879.0,2010,87.7614006768
AN,Netherlands Antilles,2007,2010,81.3047769168,96.281969598,676425000.0,2010,89.232745672
AN,Netherlands Antilles,2008,2010,102.644186922,95.9945165301,1088436000.0,2010,107.033655087
AN,Netherlands Antilles,2009,2010,94.627998131,99.9222610219,810056000.0,2010,86.3325706724
AT,Austria,2007,2010,95.0791816705,101.302763128,1.57317164589e+11,2010,98.4294366881
AT,Austria,2008,2010,109.798860049,101.995933565,1.73397038216e+11,2010,107.806912666
AT,Austria,2009,2010,94.7648970393,102.788689898,1.30790945964e+11,2010,100.141519217
AT,Austria,2010,2010,100.0,100.0,1.44888939047e+11,2010,100.0
AT,Austria,2011,2010,116.003460868,100.478594626,1.69518674748e+11,2010,110.500826051
AT,Austria,2012,2010,112.66949741,98.8352485622,1.58820656242e+11,2010,106.217525074
AT,Austria,2013,2010,113.496201162,101.003684669,1.66543870265e+11,2010,109.160411911
AT,Austria,2014,2010,110.838137589,102.251003257,1.69181786798e+11,2010,109.562053736
AT,Austria,2015,2010,91.2436946345,99.5549047505,1.45849568577e+11,2010,94.5543119646
AU,Australia,2007,2010,88.398906678,91.3174431705,1.41090894417e+11,2010,75.3001546919
AU,Australia,2008,2010,96.6639506694,89.8019209841,1.87275902915e+11,2010,94.3569552962
AU,Australia,2009,2010,89.8347332691,87.3294860675,1.53965819744e+11,2010,81.8382131525
AU,Australia,2010,2010,100.0,100.0,2.12337120244e+11,2010,100.0
AU,Australia,2011,2010,113.051754695,107.075155277,2.7173280765e+11,2010,126.659286316
AU,Australia,2012,2010,115.178032559,109.799203832,2.56674891825e+11,2010,117.16782897
AU,Australia,2013,2010,109.857992914,105.17340596,2.52980503185e+11,2010,108.686102023
AU,Australia,2014,2010,105.934061571,100.120611136,2.41238365669e+11,2010,97.7469579443
AU,Australia,2015,2010,89.1857497904,92.8742591253,1.87712219038e+11,2010,73.9318607388
BE,Belgium,2007,2010,98.8892440983,99.7391043768,4.31849879826e+11,2010,98.3457751133
BE,Belgium,2008,2010,110.881223544,103.102771695,4.7193196599e+11,2010,109.126304768
BE,Belgium,2009,2010,95.6768478273,103.294187023,3.71396629645e+11,2010,97.2856363055
BE,Belgium,2010,2010,100.0,100.0,4.07055120142e+11,2010,100.0
BE,Belgium,2011,2010,113.737674051,101.005786137,4.75980757474e+11,2010,113.00838182
BE,Belgium,2012,2010,109.385287262,98.7868962839,4.46636999143e+11,2010,106.956688075
BE,Belgium,2013,2010,112.4429953,100.359007923,4.6783276355e+11,2010,110.526045441
BE,Belgium,2014,2010,109.819527926,99.7003267677,4.73632786055e+11,2010,110.358754781
BE,Belgium,2015,2010,91.9437377027,95.1278415908,3.97947785017e+11,2010,92.7415264422
BG,Bulgaria,2007,2010,99.6751316902,91.2763796098,18575094522.7,2010,102.700518431
BG,Bulgaria,2008,2010,115.800134581,99.7640069149,22485487762.5,2010,115.702678631
BG,Bulgaria,2009,2010,95.1701357292,104.061766311,16377692722.4,2010,98.8431959712
BG,Bulgaria,2010,2010,100.0,100.0,20570649144.2,2010,100.0
BG,Bulgaria,2011,2010,112.92866576,102.713978618,28221549556.5,2010,109.426028322
BG,Bulgaria,2012,2010,108.44386147,100.717493285,26669687263.6,2010,103.705970508
BG,Bulgaria,2013,2010,107.23931272,101.978670706,29492360941.6,2010,104.038790283
BG,Bulgaria,2014,2010,103.925875917,101.42505138,30879971634.2,2010,102.014752321
BG,Bulgaria,2015,2010,87.0628626027,98.1997928166,25755810695.4,2010,88.9367830095
BH,Bahrain,2007,2010,75.7371051602,106.422339984,13634000000.0,2010,84.0912347862
BH,Bahrain,2008,2010,92.1375512527,97.9629403954,17316000000.0,2010,116.73516968
BH,Bahrain,2009,2010,86.9319818359,102.42190948,11873650000.0,2010,77.4142304359
BH,Bahrain,2010,2010,100.0,100.0,15400000000.0,2010,100.0
BH,Bahrain,2011,2010,119.920977626,93.2502620614,19650233000.0,2010,121.038398981
BH,Bahrain,2012,2010,106.509946485,95.8651823157,20500000000.0,2010,129.142200373
BH,Bahrain,2013,2010,107.999766588,98.4099065924,17500000000.0,2010,126.157852746
BH,Bahrain,2014,2010,107.463540863,100.737984748,20520000000.0,2010,120.153998975
BH,Bahrain,2015,2010,98.666578095,111.475870618,11200000000.0,2010,66.8913452739
BI,Burundi,2007,2010,91.0696885963,85.7582365142,62417984.3297,2010,92.7896577894
BI,Burundi,2008,2010,105.643295282,88.5228176676,54025115.989,2010,106.438991344
BI,Burundi,2009,2010,91.4175360389,97.3804850132,62026751.3444,2010,85.9160430819
BI,Burundi,2010,2010,100.0,100.0,100463046.983,2010,100.0
BI,Burundi,2011,2010,126.496104484,99.310946661,121895977.565,2010,117.028761537
BI,Burundi,2012,2010,129.762611067,102.187097154,131964273.565,2010,117.424682587
BI,Burundi,2013,2010,125.447444236,102.211125693,99208585.2238,2010,115.640692167
BI,Burundi,2014,2010,124.424076331,106.344459913,123692365.984,2010,110.744655513
BI,Burundi,2015,2010,117.304811017,121.364606301,113394007.367,2010,87.7614006768
BO,Bolivia,2007,2010,81.3047769168,85.0946230953,4458270000.0,2010,89.232745672
BO,Bolivia,2008,2010,102.644186922,96.2144472112,7058008102.06,2010,107.033655087
BO,Bolivia,2009,2010,94.627998131,105.17469101,4917542801.01,2010,86.3325706724
BO,Bolivia,2010,2010,100.0,100.0,6179307016.67,2010,100.0
BO,Bolivia,2011,2010,108.701910033,101.87076398,8106495560.12,2010,122.02064927
BO,Bolivia,2012,2010,112.832398478,107.161542202,10311539808.1,2010,118.257064822
BO,Bolivia,2013,2010,109.524881696,113.137759696,11188534916.4,2010,114.987555571
BO,Bolivia,2014,2010,106.657133566,122.110935869,12265843670.2,2010,107.59575642
BO,Bolivia,2015,2010,113.738287675,141.750778876,8260740762.76,2010,89.6683791031
BR,Brazil,2007,2010,76.9762024738,85.0748791933,1.6064907283e+11,2010,90.1145220841
BR,Brazil,2008,2010,105.713967287,88.8323193762,1.97942442909e+11,2010,110.387785996
BR,Brazil,2009,2010,93.8183255596,88.1617468894,1.52994742805e+11,2010,87.0637130707
BR,Brazil,2010,2010,100.0,100.0,2.01915285335e+11,2010,100.0
BR,Brazil,2011,2010,115.490362868,103.4902875,2.56039574768e+11,2010,121.533680021
BR,Brazil,2012,2010,120.351945884,93.1197342007,2.42579775763e+11,2010,115.738554677
BR,Brazil,2013,2010,114.450917774,87.8624430244,2.42178661953e+11,2010,112.509182299
BR,Brazil,2014,2010,107.613770748,87.0021778924,2.25100884831e+11,2010,101.471475318
BR,Brazil,2015,2010,89.2359706211,73.2813409061,1.91134324581e+11,2010,78.0038841725
BS,Bahamas,2007,2010,81.3047769168,95.236007973,484820000.0,2010,89.232745672
BS,Bahamas,2008,2010,102.644186922,94.973495064,560010000.0,2010,107.033655087
BS,Bahamas,2009,2010,94.627998131,101.865429995,584880000.0,2010,86.3325706724
BS,Bahamas,2010,2010,100.0,100.0,621369000.0,2010,100.0
BS,Bahamas,2011,2010,108.701910033,96.598670416,926943000.0,2010,122.02064927
BS,Bahamas,2012,2010,112.832398478,99.5655109779,828692000.0,2010,118.257064822
BS,Bahamas,2013,2010,109.524881696,98.4074348845,811711000.0,2010,114.987555571
BS,Bahamas,2014,2010,106.657133566,98.6390233276,689194000.0,2010,107.59575642
BZ,Belize,2007,2010,81.3047769168,99.3050225609,253940000.0,2010,89.232745672
BZ,Belize,2008,2010,102.644186922,98.7852193205,290054875.544,2010,107.033655087
BZ,Belize,2009,2010,94.627998131,103.188685997,223995720.772,2010,86.3325706724
BZ,Belize,2010,2010,100.0,100.0,279775508.016,2010,100.0
BZ,Belize,2011,2010,108.701910033,94.8105184704,340450000.0,2010,122.02064927
BZ,Belize,2012,2010,112.832398478,96.6519929099,340440000.0,2010,118.257064822
BZ,Belize,2013,2010,109.524881696,95.5163430208,314580000.0,2010,114.987555571
BZ,Belize,2014,2010,106.657133566,96.1383862617,303318000.0,2010,107.59575642
CA,Canada,2007,2010,94.2469314162,97.6805183974,4.20293164049e+11,2010,94.5619588217
CA,Canada,2008,2010,101.375116052,95.3059283714,4.56419355841e+11,2010,106.927345535
CA,Canada,2009,2010,94.3276164041,90.7417668216,3.14001940714e+11,2010,87.1212306135
CA,Canada,2010,2010,100.0,100.0,3.87481111328e+11,2010,100.0
CA,Canada,2011,2010,108.089983994,102.008976234,4.52137156558e+11,2010,110.615508555
CA,Canada,2012,2010,107.980983884,101.716458727,4.54836045551e+11,2010,107.73357458
CA,Canada,2013,2010,105.000531922,98.3850580778,4.58393678578e+11,2010,106.520489647
CA,Canada,2014,2010,102.447698787,92.1062723818,4.69936312241e+11,2010,104.344665834
CA,Canada,2015,2010,92.4707932417,83.9868671383,4.09005075326e+11,2010,85.9312654913
CD,"Congo, the Democratic Republic of the",2007,2010,91.0696885963,144.934251058,2600000000.0,2010,92.7896577894
CD,"Congo, the Democratic Republic of the",2008,2010,105.643295282,144.567052897,4400000000.0,2010,106.438991344
CD,"Congo, the Democratic Republic of the",2009,2010,91.4175360389,827.173292056,3500000000.0,2010,85.9160430819
CD,"Congo, the Democratic Republic of the",2010,2010,100.0,100.0,5300000000.0,2010,100.0
CD,"Congo, the Democratic Republic of the",2011,2010,126.496104484,105.651314782,6600000000.0,2010,117.028761537
CD,"Congo, the Democratic Republic of the",2012,2010,129.762611067,118.753613599,6300000000.0,2010,117.424682587
CD,"Congo, the Democratic Republic of the",2013,2010,125.447444236,119.069064185,6300000000.0,2010,115.640692167
CD,"Congo, the Democratic Republic of the",2014,2010,124.424076331,120.753915401,6600000000.0,2010,110.744655513
CD,"Congo, the Democratic Republic of the",2015,2010,117.304811017,139.706889055,5800000000.0,2010,87.7614006768
CF,Central African Republic,2007,2010,91.0696885963,95.4079674612,180000000.0,2010,92.7896577894
CF,Central African Republic,2008,2010,105.643295282,102.767184866,150000000.0,2010,106.438991344
CF,Central African Republic,2009,2010,91.4175360389,104.867023663,80569761.7173,2010,85.9160430819
CF,Central African Republic,2010,2010,100.0,100.0,90836715.6667,2010,100.0
CF,Central African Republic,2011,2010,126.496104484,98.9918393185,115749576.627,2010,117.028761537
CF,Central African Republic,2012,2010,129.762611067,99.2031593906,112412081.914,2010,117.424682587
CF,Central African Republic,2013,2010,125.447444236,102.270961463,140000000.0,2010,115.640692167
CH,Switzerland,2007,2010,99.6751316902,87.0211740826,1.64797198368e+11,2010,102.700518431
CH,Switzerland,2008,2010,115.800134581,91.0194398442,1.91403046844e+11,2010,115.702678631
CH,Switzerland,2009,2010,95.1701357292,94.4905593501,1.6648328335e+11,2010,98.8431959712
CH,Switzerland,2010,2010,100.0,100.0,1.857898096e+11,2010,100.0
CH,Switzerland,2011,2010,112.92866576,109.806840083,2.23224933721e+11,2010,109.426028322
CH,Switzerland,2012,2010,108.44386147,106.458055149,2.13982725218e+11,2010,103.705970508
CH,Switzerland,2013,2010,107.23931272,104.494323724,2.17079200215e+11,2010,104.038790283
CH,Switzerland,2014,2010,103.925875917,104.936112566,2.27605407912e+11,2010,102.014752321
CH,Switzerland,2015,2010,87.0628626027,113.318948824,2.10883576731e+11,2010,88.9367830095
CI,Cote d`Ivoire,2007,2010,91.0696885963,101.85587636,8668863000.0,2010,92.7896577894
CI,Cote d`Ivoire,2008,2010,105.643295282,106.688846173,10390000000.0,2010,106.438991344
CI,Cote d`Ivoire,2009,2010,91.4175360389,106.44303227,10323727948.9,2010,85.9160430819
CI,Cote d`Ivoire,2010,2010,100.0,100.0,10279286262.3,2010,100.0
CI,Cote d`Ivoire,2011,2010,126.496104484,101.984987359,10925368300.2,2010,117.028761537
CI,Cote d`Ivoire,2012,2010,129.762611067,97.8580160476,10858467261.1,2010,117.424682587
CI,Cote d`Ivoire,2013,2010,125.447444236,102.222743673,13687236646.6,2010,115.640692167
CI,Cote d`Ivoire,2014,2010,124.424076331,103.198281679,12633499524.4,2010,110.744655513
CI,Cote d`Ivoire,2015,2010,117.304811017,98.6877973304,11158002000.0,2010,87.7614006768
CL,Chile,2007,2010,81.3047769168,95.9229599786,67665760895.9,2010,89.232745672
CL,Chile,2008,2010,102.644186922,97.2797610659,66455481713.0,2010,107.033655087
CL,Chile,2009,2010,94.627998131,94.8584577864,51962588459.7,2010,86.3325706724
CL,Chile,2010,2010,100.0,100.0,68995668668.3,2010,100.0
CL,Chile,2011,2010,108.701910033,100.372639749,80027449796.6,2010,122.02064927
CL,Chile,2012,2010,112.832398478,103.566540673,79711560762.9,2010,118.257064822
CL,Chile,2013,2010,109.524881696,102.893613019,77876657357.4,2010,114.987555571
CL,Chile,2014,2010,106.657133566,93.8562719092,74546519005.9,2010,107.59575642
CL,Chile,2015,2010,113.738287675,95.1671717155,64087133145.2,2010,89.6683791031
CM,Cameroon,2007,2010,91.0696885963,101.339841492,4209075735.46,2010,92.7896577894
CM,Cameroon,2008,2010,105.643295282,104.396857091,5267008635.35,2010,106.438991344
CM,Cameroon,2009,2010,91.4175360389,106.72573762,3530639115.38,2010,85.9160430819
CM,Cameroon,2010,2010,100.0,100.0,3885125659.3,2010,100.0
CM,Cameroon,2011,2010,126.496104484,100.160799592,4521637899.35,2010,117.028761537
CM,Cameroon,2012,2010,129.762611067,96.6673230157,4585034001.37,2010,117.424682587
CM,Cameroon,2013,2010,125.447444236,99.5265161096,4515183426.44,2010,115.640692167
CM,Cameroon,2014,2010,124.424076331,100.786528722,5173503730.2,2010,110.744655513
CM,Cameroon,2015,2010,117.304811017,97.7969543919,3760094000.0,2010,87.7614006768
CN,China,2007,2010,96.7574466152,88.9260635578,1.217794989e+12,2010,83.1640242241
CN,China,2008,2010,104.089580481,97.1041798577,1.428657e+12,2010,93.4661235442
CN,China,2009,2010,88.605317459,100.405128438,1.201785875e+12,2010,85.94171644
CN,China,2010,2010,100.0,100.0,1.578269185e+12,2010,100.0
CN,China,2011,2010,143.399134463,102.690316561,1.899182012e+12,2010,113.674214344
CN,China,2012,2010,152.896018467,108.443289308,2.04894e+12,2010,114.156454159
CN,China,2013,2010,145.366347051,115.297465898,2.210249024e+12,2010,113.37509848
CN,China,2014,2010,146.276904467,118.985307853,2.34318636008e+12,2010,109.828169548
CN,China,2015,2010,138.06605115,131.629041196,2.284477537e+12,2010,101.028439912
CO,Colombia,2007,2010,81.3047769168,91.2249592062,29785860000.0,2010,89.232745672
CO,Colombia,2008,2010,102.644186922,94.8866879113,38265170000.0,2010,107.033655087
CO,Colombia,2009,2010,94.627998131,90.7159331229,32783900000.0,2010,86.3325706724
CO,Colombia,2010,2010,100.0,100.0,39709900000.0,2010,100.0
CO,Colombia,2011,2010,108.701910033,102.059587522,56507250000.0,2010,122.02064927
CO,Colombia,2012,2010,112.832398478,106.801163053,59573300000.0,2010,118.257064822
CO,Colombia,2013,2010,109.524881696,103.683932477,58657100000.0,2010,114.987555571
CO,Colombia,2014,2010,106.657133566,96.4241403796,54788000000.0,2010,107.59575642
CO,Colombia,2015,2010,113.738287675,75.2966235773,35606300000.0,2010,89.6683791031
CR,Costa Rica,2007,2010,81.3047769168,84.0034318655,9375683152.45,2010,89.232745672
CR,Costa Rica,2008,2010,102.644186922,87.2389036652,9574700382.04,2010,107.033655087
CR,Costa Rica,2009,2010,94.627998131,89.004478044,8710699532.56,2010,86.3325706724
CR,Costa Rica,2010,2010,100.0,100.0,9342875891.5,2010,100.0
CR,Costa Rica,2011,2010,108.701910033,102.348230518,10237694409.0,2010,122.02064927
CR,Costa Rica,2012,2010,112.832398478,107.708274704,11150967593.8,2010,118.257064822
CR,Costa Rica,2013,2010,109.524881696,112.542906406,11541893267.2,2010,114.987555571
CR,Costa Rica,2014,2010,106.657133566,108.24711943,11216969628.0,2010,107.59575642
CR,Costa Rica,2015,2010,113.738287675,118.392080391,9525037901.5,2010,89.6683791031
CY,Cyprus,2007,2010,95.0791816705,97.1525614375,1481807325.79,2010,98.4294366881
CY,Cyprus,2008,2010,109.798860049,102.396037695,1743686971.85,2010,107.806912666
CY,Cyprus,2009,2010,94.7648970393,105.840293144,1348133572.13,2010,100.141519217
CY,Cyprus,2010,2010,100.0,100.0,1505587179.95,2010,100.0
CY,Cyprus,2011,2010,116.003460868,100.660987074,1951714390.01,2010,110.500826051
CY,Cyprus,2012,2010,112.66949741,97.4660603179,1827586655.5,2010,106.217525074
CY,Cyprus,2013,2010,113.496201162,97.8701323094,2136685097.63,2010,109.160411911
CY,Cyprus,2014,2010,110.838137589,95.4393086699,1914702332.94,2010,109.562053736
CY,Cyprus,2015,2010,91.2436946345,89.300532038,1925683738.38,2010,94.5543119646
CZ,Czech Republic,2007,2010,95.0791816705,88.8633831782,1.22760272915e+11,2010,98.4294366881
CZ,Czech Republic,2008,2010,109.798860049,102.569418351,1.46405709433e+11,2010,107.806912666
CZ,Czech Republic,2009,2010,94.7648970393,98.4020397176,1.1317560127e+11,2010,100.141519217
CZ,Czech Republic,2010,2010,100.0,100.0,1.33019637242e+11,2010,100.0
CZ,Czech Republic,2011,2010,116.003460868,102.160864185,1.62896884479e+11,2010,110.500826051
CZ,Czech Republic,2012,2010,112.66949741,99.088742586,1.57166565604e+11,2010,106.217525074
CZ,Czech Republic,2013,2010,113.496201162,97.1246084036,1.62302409129e+11,2010,109.160411911
CZ,Czech Republic,2014,2010,110.838137589,91.3712695532,1.75016829223e+11,2010,109.562053736
CZ,Czech Republic,2015,2010,91.2436946345,89.9044176764,1.57880905885e+11,2010,94.5543119646
DE,Germany,2007,2010,105.325473454,103.838476791,1.32381804474e+12,2010,106.372682134
DE,Germany,2008,2010,116.361356348,104.387030687,1.45139120641e+12,2010,114.601170523
DE,Germany,2009,2010,103.419382727,105.137204177,1.12066553532e+12,2010,107.124303078
DE,Germany,2010,2010,100.0,100.0,1.26157882461e+12,2010,100.0
DE,Germany,2011,2010,112.074992988,99.1722609763,1.47694855935e+12,2010,108.240291481
DE,Germany,2012,2010,108.559513789,95.6496545185,1.40836526087e+12,2010,103.933098715
DE,Germany,2013,2010,110.048661676,98.1527369471,1.45163532269e+12,2010,106.37158322
DE,Germany,2014,2010,108.619074252,98.6283210906,1.49253845341e+12,2010,107.838888189
DE,Germany,2015,2010,91.5186854155,93.3652825323,1.32683489636e+12,2010,92.3009356618
DK,Denmark,2007,2010,106.385342459,98.6865124481,1.01598684129e+11,2010,100.880878944
DK,Denmark,2008,2010,114.749637105,100.592699338,1.15929502653e+11,2010,111.441473001
DK,Denmark,2009,2010,102.583255214,103.510273244,91816903721.4,2010,100.235183357
DK,Denmark,2010,2010,100.0,100.0,95758416539.0,2010,100.0
DK,Denmark,2011,2010,108.492796624,99.4476243985,1.1190754509e+11,2010,108.89371415
DK,Denmark,2012,2010,101.467739977,97.0879460806,1.06123557748e+11,2010,104.442846458
DK,Denmark,2013,2010,102.210443582,98.1625254194,1.11352592196e+11,2010,105.635206675
DK,Denmark,2014,2010,101.969067323,98.6505198317,1.10468102353e+11,2010,102.42907717
DK,Denmark,2015,2010,83.0146538604,95.2051392553,94230220983.9,2010,84.4171523746
DM,Dominica,2007,2010,81.3047769168,97.0283833184,37799963.7037,2010,89.232745672
DM,Dominica,2008,2010,102.644186922,98.0686695589,39993842.5926,2010,107.033655087
DM,Dominica,2009,2010,94.627998131,102.95514844,34005024.8148,2010,86.3325706724
DM,Dominica,2010,2010,100.0,100.0,36823801.4815,2010,100.0
DM,Dominica,2011,2010,108.701910033,94.3998491937,30706744.9556,2010,122.02064927
DM,Dominica,2012,2010,112.832398478,94.6345157022,33850386.4963,2010,118.257064822
DM,Dominica,2013,2010,109.524881696,94.087396483,35493699.6037,2010,114.987555571
DM,Dominica,2014,2010,106.657133566,93.3690952299,36004580.3704,2010,107.59575642
DM,Dominica,2015,2010,113.738287675,97.7653500935,30210954.8148,2010,89.6683791031
DO,Dominican Republic,2007,2010,81.3047769168,99.7606982244,2635017400.0,2010,89.232745672
DO,Dominican Republic,2008,2010,102.644186922,100.398038544,2393977200.0,2010,107.033655087
DO,Dominican Republic,2009,2010,94.627998131,99.9552716388,1689782700.0,2010,86.3325706724
DO,Dominican Republic,2010,2010,100.0,100.0,2711207500.0,2010,100.0
DO,Dominican Republic,2011,2010,108.701910033,100.663954493,3677678600.0,2010,122.02064927
DO,Dominican Republic,2012,2010,112.832398478,100.882715593,4128550300.0,2010,118.257064822
DO,Dominican Republic,2013,2010,109.524881696,98.4873230482,4474444000.0,2010,114.987555571
DO,Dominican Republic,2014,2010,106.657133566,96.3644426982,4676617100.0,2010,107.59575642
DO,Dominican Republic,2015,2010,113.738287675,98.522814623,4011000000.0,2010,89.6683791031
DZ,Algeria,2007,2010,75.7371051602,96.3989370995,59520000000.0,2010,84.0912347862
DZ,Algeria,2008,2010,92.1375512527,100.659330536,79120000000.0,2010,116.73516968
DZ,Algeria,2009,2010,86.9319818359,99.5268542262,45240000000.0,2010,77.4142304359
DZ,Algeria,2010,2010,100.0,100.0,57762000000.0,2010,100.0
DZ,Algeria,2011,2010,119.920977626,99.4161059249,73727000000.0,2010,121.038398981
DZ,Algeria,2012,2010,106.509946485,104.81673897,72619547100.0,2010,129.142200373
DZ,Algeria,2013,2010,107.999766588,103.289308013,65488000000.0,2010,126.157852746
DZ,Algeria,2014,2010,107.463540863,105.394499767,61171619000.0,2010,120.153998975
DZ,Algeria,2015,2010,98.666578095,100.860694166,35137634798.8,2010,66.8913452739
EC,Ecuador,2007,2010,81.3047769168,95.9203177883,13852363620.0,2010,89.232745672
EC,Ecuador,2008,2010,102.644186922,94.9359639802,18818326850.0,2010,107.033655087
EC,Ecuador,2009,2010,94.627998131,102.296104569,13863057850.0,2010,86.3325706724
EC,Ecuador,2010,2010,100.0,100.0,17415191120.0,2010,100.0
EC,Ecuador,2011,2010,108.701910033,98.4346230609,22345209800.0,2010,122.02064927
EC,Ecuador,2012,2010,112.832398478,102.493130189,23764761900.0,2010,118.257064822
EC,Ecuador,2013,2010,109.524881696,104.710005783,24750933178.7,2010,114.987555571
EC,Ecuador,2014,2010,106.657133566,107.791943941,25724432490.4,2010,107.59575642
EC,Ecuador,2015,2010,113.738287675,122.294327512,18330607691.7,2010,89.6683791031
ES,Spain,2007,2010,107.618264854,99.5568952038,2.48916530946e+11,2010,107.413761915
ES,Spain,2008,2010,120.03214725,102.339980315,2.7712812902e+11,2010,116.854170023
ES,Spain,2009,2010,100.287823374,102.544988683,2.20376431865e+11,2010,103.305934958
ES,Spain,2010,2010,100.0,100.0,2.46274049122e+11,2010,100.0
ES,Spain,2011,2010,113.911604944,100.623188729,2.98457323141e+11,2010,110.030958825
ES,Spain,2012,2010,110.096233817,98.3609714104,2.86218415666e+11,2010,103.806355588
ES,Spain,2013,2010,108.906822096,100.080458573,3.11637371875e+11,2010,107.108637794
ES,Spain,2014,2010,106.278205233,98.8265563487,3.23849577871e+11,2010,105.927044594
ES,Spain,2015,2010,86.5749827339,94.134567658,2.82330107522e+11,2010,89.0218607396
FI,Finland,2007,2010,103.263070327,102.364590536,90091742643.2,2010,107.79282549
FI,Finland,2008,2010,114.241296945,104.645565082,96890300873.5,2010,115.84531458
FI,Finland,2009,2010,98.9556327854,105.728310113,62871764062.4,2010,100.467304914
FI,Finland,2010,2010,100.0,100.0,69492331724.1,2010,100.0
FI,Finland,2011,2010,113.681157135,100.030377378,79126475669.4,2010,110.069464151
FI,Finland,2012,2010,108.02291213,97.1339769338,73114187764.4,2010,102.154551059
FI,Finland,2013,2010,109.138507821,99.2680237149,74446216556.0,2010,103.859395081
FI,Finland,2014,2010,106.726888137,100.58906827,74334746400.6,2010,102.662024682
FI,Finland,2015,2010,83.8581483734,96.5644172881,59733091402.6,2010,84.6885752372
FJ,Fiji,2007,2010,96.7574466152,115.63210777,754646284.751,2010,83.1640242241
FJ,Fiji,2008,2010,104.089580481,118.738545929,923097687.971,2010,93.4661235442
FJ,Fiji,2009,2010,88.605317459,104.781416197,630271573.666,2010,85.94171644
FJ,Fiji,2010,2010,100.0,100.0,839260102.512,2010,100.0
FJ,Fiji,2011,2010,143.399134463,103.400276192,1073418561.18,2010,113.674214344
FJ,Fiji,2012,2010,152.896018467,106.574178724,1218921955.68,2010,114.156454159
FJ,Fiji,2013,2010,145.366347051,107.594048625,1148691459.83,2010,113.37509848
FJ,Fiji,2014,2010,146.276904467,106.572401957,1219783472.8,2010,109.828169548
FJ,Fiji,2015,2010,138.06605115,110.443993103,896285388.291,2010,101.028439912
FR,France,2007,2010,95.0791816705,101.586758144,5.50458093715e+11,2010,98.4294366881
FR,France,2008,2010,109.798860049,102.94876138,6.08942999437e+11,2010,107.806912666
FR,France,2009,2010,94.7648970393,103.136174521,4.76097846378e+11,2010,100.141519217
FR,France,2010,2010,100.0,100.0,5.16957865886e+11,2010,100.0
FR,France,2011,2010,116.003460868,99.4291790782,5.85319415472e+11,2010,110.500826051
FR,France,2012,2010,112.66949741,96.386437612,5.58598033917e+11,2010,106.217525074
FR,France,2013,2010,113.496201162,97.690344096,5.68548355414e+11,2010,109.160411911
FR,France,2014,2010,110.838137589,97.1493914644,5.68337249005e+11,2010,109.562053736
FR,France,2015,2010,91.2436946345,92.3729267394,4.94035030021e+11,2010,94.5543119646
GA,Gabon,2007,2010,91.0696885963,99.7026838823,6309000000.0,2010,92.7896577894
GA,Gabon,2008,2010,105.643295282,103.143659963,9506000000.0,2010,106.438991344
GA,Gabon,2009,2010,91.4175360389,103.941579779,5450034107.11,2010,85.9160430819
GA,Gabon,2010,2010,100.0,100.0,8685979284.82,2010,100.0
GA,Gabon,2011,2010,126.496104484,98.6093511988,9765533368.74,2010,117.028761537
GA,Gabon,2012,2010,129.762611067,96.4616855888,7702436836.16,2010,117.424682587
GA,Gabon,2013,2010,125.447444236,98.2441179363,9524002940.0,2010,115.640692167
GA,Gabon,2014,2010,124.424076331,102.757011881,8962000000.0,2010,110.744655513
GA,Gabon,2015,2010,117.304811017,99.3099040835,5073805000.0,2010,87.7614006768
GB,United Kingdom,2007,2010,104.910487974,125.712153458,4.40531465883e+11,2010,104.834942926
GB,United Kingdom,2008,2010,110.139604138,110.139337872,4.68299027151e+11,2010,109.71324449
GB,United Kingdom,2009,2010,95.3579228644,96.5469448527,3.56528597895e+11,2010,94.3496445365
GB,United Kingdom,2010,2010,100.0,100.0,4.17795842814e+11,2010,100.0
GB,United Kingdom,2011,2010,112.444986008,101.478177108,4.93829626394e+11,2010,111.893505395
GB,United Kingdom,2012,2010,111.088490028,106.832047482,4.76480020231e+11,2010,110.215509509
GB,United Kingdom,2013,2010,107.092801262,105.768895602,4.740743154e+11,2010,112.064350244
GB,United Kingdom,2014,2010,108.172868112,113.702005985,4.8189074129e+11,2010,112.782120039
GB,United Kingdom,2015,2010,94.7403058169,121.798477211,4.35174146664e+11,2010,97.1497428941
GD,Grenada,2007,2010,81.3047769168,99.9783200273,33410851.8519,2010,89.232745672
GD,Grenada,2008,2010,102.644186922,101.010600741,30250444.4444,2010,107.033655087
GD,Grenada,2009,2010,94.627998131,100.967604679,29188185.1852,2010,86.3325706724
GD,Grenada,2010,2010,100.0,100.0,24158360.0,2010,100.0
GD,Grenada,2011,2010,108.701910033,97.8605342519,27584513.3333,2010,122.02064927
GD,Grenada,2012,2010,112.832398478,98.7108180683,34602286.6667,2010,118.257064822
GD,Grenada,2013,2010,109.524881696,98.1686688499,32817840.7407,2010,114.987555571
GD,Grenada,2014,2010,106.657133566,94.7343510961,40464662.2222,2010,107.59575642
GD,Grenada,2015,2010,113.738287675,97.0241767502,33767149.8833,2010,89.6683791031
GE,Georgia,2007,2010,91.0696885963,96.2144366744,1232110470.01,2010,92.7896577894
GE,Georgia,2008,2010,105.643295282,110.543572225,1495345238.11,2010,106.438991344
GE,Georgia,2009,2010,91.4175360389,104.754668802,1133630226.23,2010,85.9160430819
GE,Georgia,2010,2010,100.0,100.0,1677306898.47,2010,100.0
GE,Georgia,2011,2010,126.496104484,109.292897694,2186421208.84,2010,117.028761537
GE,Georgia,2012,2010,129.762611067,111.291587683,2376635368.21,2010,117.424682587
GE,Georgia,2013,2010,125.447444236,107.690048295,2910637174.44,2010,115.640692167
GE,Georgia,2014,2010,124.424076331,106.917657242,2861045178.67,2010,110.744655513
GE,Georgia,2015,2010,117.304811017,99.7998141772,2204684206.16,2010,87.7614006768
GH,Ghana,2007,2010,91.0696885963,107.005931445,4321149756.32,2010,92.7896577894
GH,Ghana,2008,2010,105.643295282,101.868482686,5269726000.0,2010,106.438991344
GH,Ghana,2009,2010,91.4175360389,93.7516923252,5839710000.0,2010,85.9160430819
GH,Ghana,2010,2010,100.0,100.0,7960090000.0,2010,100.0
GH,Ghana,2011,2010,126.496104484,95.0311952064,12785420000.0,2010,117.028761537
GH,Ghana,2012,2010,129.762611067,88.9884053043,12000000000.0,2010,117.424682587
GH,Ghana,2013,2010,125.447444236,89.5697971231,13700000000.0,2010,115.640692167
GH,Ghana,2014,2010,124.424076331,69.4580072787,12548000000.0,2010,110.744655513
GH,Ghana,2015,2010,117.304811017,70.4273763575,9550969000.0,2010,87.7614006768
GM,Gambia,2007,2010,91.0696885963,107.065674755,12518855.5554,2010,92.7896577894
GM,Gambia,2008,2010,105.643295282,113.540223671,13674723.06,2010,106.438991344
GM,Gambia,2009,2010,91.4175360389,103.126959228,14945214.1634,2010,85.9160430819
GM,Gambia,2010,2010,100.0,100.0,14962085.421,2010,100.0
GM,Gambia,2011,2010,126.496104484,92.4439622314,11442762.6504,2010,117.028761537
GM,Gambia,2012,2010,129.762611067,90.0937382169,18387534.8176,2010,117.424682587
GM,Gambia,2013,2010,125.447444236,83.391403401,8294209.16443,2010,115.640692167
GQ,Equatorial Guinea,2007,2010,81.3047769168,88.2898482226,10210000000.0,2010,89.232745672
GQ,Equatorial Guinea,2008,2010,102.644186922,95.8635410619,15900000000.0,2010,107.033655087
GQ,Equatorial Guinea,2009,2010,94.627998131,99.0284286971,9100000000.0,2010,86.3325706724
GQ,Equatorial Guinea,2010,2010,100.0,100.0,10000000000.0,2010,100.0
GQ,Equatorial Guinea,2011,2010,108.701910033,103.580082143,13500000000.0,2010,122.02064927
GQ,Equatorial Guinea,2012,2010,112.832398478,99.6528706026,15500000000.0,2010,118.257064822
GQ,Equatorial Guinea,2013,2010,109.524881696,103.827217797,14000000000.0,2010,114.987555571
GQ,Equatorial Guinea,2014,2010,106.657133566,105.26265467,11600000000.0,2010,107.59575642
GR,Greece,2007,2010,92.1039607834,96.0229581359,26557386513.5,2010,94.9686872681
GR,Greece,2008,2010,105.593865942,98.7680363601,31297960395.8,2010,108.136177209
GR,Greece,2009,2010,98.37632277,100.13993858,25133051075.6,2010,96.381845473
GR,Greece,2010,2010,100.0,100.0,28202961247.9,2010,100.0
GR,Greece,2011,2010,112.941817518,100.675279292,33947842358.5,2010,114.222164101
GR,Greece,2012,2010,109.063170858,97.5732134644,35451851434.6,2010,109.855070098
GR,Greece,2013,2010,109.630190166,96.8115582283,36235761055.7,2010,111.562218648
GR,Greece,2014,2010,105.449554942,94.7461903279,36006766580.5,2010,108.503313342
GR,Greece,2015,2010,78.856818535,89.4532050336,28705236350.0,2010,80.3915414688
GY,Guyana,2007,2010,81.3047769168,95.0123686274,678571003.946,2010,89.232745672
GY,Guyana,2008,2010,102.644186922,95.2821696184,794535859.822,2010,107.033655087
GY,Guyana,2009,2010,94.627998131,101.180357299,762613644.338,2010,86.3325706724
GY,Guyana,2010,2010,100.0,100.0,879765547.466,2010,100.0
GY,Guyana,2011,2010,108.701910033,97.7448284474,1116316701.88,2010,122.02064927
GY,Guyana,2012,2010,112.832398478,100.860650802,1415443761.74,2010,118.257064822
GY,Guyana,2013,2010,109.524881696,101.071779282,1380000000.0,2010,114.987555571
GY,Guyana,2014,2010,106.657133566,100.845060632,1160000000.0,2010,107.59575642
GY,Guyana,2015,2010,113.738287675,109.669539254,1100000000.0,2010,89.6683791031
HR,Croatia,2007,2010,99.6751316902,97.0261040864,12364290000.0,2010,102.700518431
HR,Croatia,2008,2010,115.800134581,101.455654145,14111660000.0,2010,115.702678631
HR,Croatia,2009,2010,95.1701357292,102.641771129,10473790000.0,2010,98.8431959712
HR,Croatia,2010,2010,100.0,100.0,11806197000.0,2010,100.0
HR,Croatia,2011,2010,112.92866576,97.8981661441,13374826000.0,2010,109.426028322
HR,Croatia,2012,2010,108.44386147,96.0656806169,12347100000.0,2010,103.705970508
HR,Croatia,2013,2010,107.23931272,97.4058199706,11927530953.0,2010,104.038790283
HR,Croatia,2014,2010,103.925875917,96.341169811,13686426453.0,2010,102.014752321
HR,Croatia,2015,2010,87.0628626027,93.449795789,12843529000.0,2010,88.9367830095
HU,Hungary,2007,2010,107.864906504,100.247086277,93984849247.7,2010,107.820220044
HU,Hungary,2008,2010,117.469526329,103.861541532,1.07465281223e+11,2010,115.444269479
HU,Hungary,2009,2010,101.070504777,97.8386889266,84585491624.7,2010,101.147779969
HU,Hungary,2010,2010,100.0,100.0,94759451765.7,2010,100.0
HU,Hungary,2011,2010,108.634844062,100.022513969,1.10896806628e+11,2010,106.836335128
HU,Hungary,2012,2010,101.175803799,97.7273311596,1.03046957784e+11,2010,98.1922597664
HU,Hungary,2013,2010,101.196257942,96.630880409,1.08425661108e+11,2010,98.7579819013
HU,Hungary,2014,2010,97.3910991841,92.2731316496,1.12437130952e+11,2010,95.9800202559
HU,Hungary,2015,2010,80.2069013615,89.08032997,1.00293106801e+11,2010,79.7220783751
IE,Ireland,2007,2010,101.657592247,107.453729887,1.22268118315e+11,2010,103.996835179
IE,Ireland,2008,2010,111.026164834,112.523187197,1.27018947596e+11,2010,107.718517666
IE,Ireland,2009,2010,100.183422558,107.178862011,1.19243986675e+11,2010,102.640982556
IE,Ireland,2010,2010,100.0,100.0,1.18947851577e+11,2010,100.0
IE,Ireland,2011,2010,111.277953881,100.113397618,1.26997629418e+11,2010,104.511201842
IE,Ireland,2012,2010,108.757210171,95.4157402855,1.17778312085e+11,2010,101.845510064
IE,Ireland,2013,2010,111.209464069,97.3602423803,1.15337797306e+11,2010,103.756044172
IE,Ireland,2014,2010,111.629261438,96.1712901523,1.18595493596e+11,2010,103.065992424
IL,Israel,2007,2010,95.9483695652,87.2132765454,54065200000.0,2010,89.6254560195
IL,Israel,2008,2010,109.406354515,97.2001053754,60825100000.0,2010,103.607620592
IL,Israel,2009,2010,93.0183946488,95.21597197,47934000000.0,2010,96.3113092825
IL,Israel,2010,2010,100.0,100.0,58392000000.0,2010,100.0
IL,Israel,2011,2010,114.506688963,101.182116629,67647800000.0,2010,106.546412647
IL,Israel,2012,2010,111.281500562,96.2485388534,63191100000.0,2010,110.743317061
IL,Israel,2013,2010,110.206437762,102.545754078,66607200000.0,2010,112.975004328
IL,Israel,2014,2010,108.339662047,103.331567098,68552500000.0,2010,111.967414181
IL,Israel,2015,2010,93.0804373384,103.093687233,63607300000.0,2010,106.046781169
IR,"Iran, Islamic Republic of",2007,2010,75.7371051602,75.2348524966,83000000000.0,2010,84.0912347862
IR,"Iran, Islamic Republic of",2008,2010,92.1375512527,85.5196988704,1.13668e+11,2010,116.73516968
IR,"Iran, Islamic Republic of",2009,2010,86.9319818359,97.0672680498,78830000000.0,2010,77.4142304359
IR,"Iran, Islamic Republic of",2010,2010,100.0,100.0,1.01316e+11,2010,100.0
IR,"Iran, Islamic Republic of",2011,2010,119.920977626,109.252261904,1.305e+11,2010,121.038398981
IR,"Iran, Islamic Republic of",2012,2010,106.509946485,123.154559628,95500000000.0,2010,129.142200373
IR,"Iran, Islamic Republic of",2013,2010,107.999766588,122.34812556,82000000000.0,2010,126.157852746
IR,"Iran, Islamic Republic of",2014,2010,107.463540863,91.9240982158,88800000000.0,2010,120.153998975
IR,"Iran, Islamic Republic of",2015,2010,98.666578095,103.794290539,63000000000.0,2010,66.8913452739
IS,Iceland,2007,2010,99.6751316902,149.938579853,4349562739.44,2010,102.700518431
IS,Iceland,2008,2010,115.800134581,117.810017853,5216087317.87,2010,115.702678631
IS,Iceland,2009,2010,95.1701357292,95.1747671555,4056566883.8,2010,98.8431959712
IS,Iceland,2010,2010,100.0,100.0,4604354763.91,2010,100.0
IS,Iceland,2011,2010,112.92866576,101.358453662,5343662319.37,2010,109.426028322
IS,Iceland,2012,2010,108.44386147,101.044508394,5063656372.65,2010,103.705970508
IS,Iceland,2013,2010,107.23931272,105.697872067,4990316010.43,2010,104.038790283
IS,Iceland,2014,2010,103.925875917,112.721669348,4980882594.18,2010,102.014752321
IS,Iceland,2015,2010,87.0628626027,115.253924393,4740153122.07,2010,88.9367830095
IT,Italy,2007,2010,95.3678778468,101.077689646,5.00238874153e+11,2010,94.0989779258
IT,Italy,2008,2010,111.267682621,102.601280845,5.44962533153e+11,2010,106.324484067
IT,Italy,2009,2010,94.9146999588,103.801326015,4.06684588663e+11,2010,98.9085952371
IT,Italy,2010,2010,100.0,100.0,4.46852269843e+11,2010,100.0
IT,Italy,2011,2010,116.30591742,100.01410289,5.23282762514e+11,2010,112.4398412
IT,Italy,2012,2010,112.211551812,98.1958078412,5.01533580711e+11,2010,108.799932586
IT,Italy,2013,2010,113.792537033,99.9033367606,5.1761654785e+11,2010,113.658869858
IT,Italy,2014,2010,110.709365046,99.518722211,5.28078476924e+11,2010,115.033558312
IT,Italy,2015,2010,89.0849004184,95.0363327478,4.58479637021e+11,2010,97.7170500203
JP,Japan,2007,2010,85.874185627,81.0295496125,7.14211282485e+11,2010,90.9185319377
JP,Japan,2008,2010,106.246651769,87.742096369,7.82048610152e+11,2010,97.3049213725
JP,Japan,2009,2010,87.5768867126,98.8491212543,5.80719232804e+11,2010,96.1918065329
JP,Japan,2010,2010,100.0,100.0,7.6977277719e+11,2010,100.0
JP,Japan,2011,2010,118.221784619,101.735018951,8.22564154982e+11,2010,107.607246038
JP,Japan,2012,2010,117.962103398,100.552311531,7.98619802175e+11,2010,105.402007539
JP,Japan,2013,2010,110.398502519,80.316268573,7.14613003355e+11,2010,96.192873351
JP,Japan,2014,2010,106.000279087,75.1160832177,6.90202026949e+11,2010,91.4705003481
JP,Japan,2015,2010,82.3642352941,70.1237934008,6.24787019328e+11,2010,81.0392337156
KN,Saint Kitts and Nevis,2007,2010,81.3047769168,97.6636265097,34379247.0,2010,89.232745672
KN,Saint Kitts and Nevis,2008,2010,102.644186922,95.7406265439,51168000.0,2010,107.033655087
KN,Saint Kitts and Nevis,2009,2010,94.627998131,102.935587209,37674000.0,2010,86.3325706724
KN,Saint Kitts and Nevis,2010,2010,100.0,100.0,32013000.0,2010,100.0
KN,Saint Kitts and Nevis,2011,2010,108.701910033,101.724782244,44886000.0,2010,122.02064927
KN,Saint Kitts and Nevis,2012,2010,112.832398478,101.89215385,45000000.0,2010,118.257064822
KN,Saint Kitts and Nevis,2013,2010,109.524881696,101.976125063,45000000.0,2010,114.987555571
KN,Saint Kitts and Nevis,2014,2010,106.657133566,106.235415858,46000000.0,2010,107.59575642
KN,Saint Kitts and Nevis,2015,2010,113.738287675,109.736033181,40000000.0,2010,89.6683791031
LC,Saint Lucia,2007,2010,81.3047769168,98.7606467603,106583618.519,2010,89.232745672
LC,Saint Lucia,2008,2010,102.644186922,97.7979371418,145074920.0,2010,107.033655087
LC,Saint Lucia,2009,2010,94.627998131,99.813258077,162697418.519,2010,86.3325706724
LC,Saint Lucia,2010,2010,100.0,100.0,228281085.926,2010,100.0
LC,Saint Lucia,2011,2010,108.701910033,96.7677845859,255780573.333,2010,122.02064927
LC,Saint Lucia,2012,2010,112.832398478,100.077512804,155994771.852,2010,118.257064822
LC,Saint Lucia,2013,2010,109.524881696,100.768758409,170794544.444,2010,114.987555571
LC,Saint Lucia,2014,2010,106.657133566,103.170164464,168479964.472,2010,107.59575642
LC,Saint Lucia,2015,2010,113.738287675,108.109319624,180311477.407,2010,89.6683791031
LS,Lesotho,2007,2010,91.0696885963,90.7494107067,769999677.25,2010,92.7896577894
LS,Lesotho,2008,2010,105.643295282,82.4734561931,894269309.228,2010,106.438991344
LS,Lesotho,2009,2010,91.4175360389,87.7800033827,726100101.725,2010,85.9160430819
LS,Lesotho,2010,2010,100.0,100.0,801201937.02,2010,100.0
LS,Lesotho,2011,2010,126.496104484,100.560681439,775472801.249,2010,117.028761537
LS,Lesotho,2012,2010,129.762611067,94.6521898554,676321974.783,2010,117.424682587
LS,Lesotho,2013,2010,125.447444236,84.6557866643,940000000.0,2010,115.640692167
LS,Lesotho,2014,2010,124.424076331,79.1311615682,924891773.242,2010,110.744655513
LS,Lesotho,2015,2010,117.304811017,73.7116525016,774676827.0,2010,87.7614006768
LU,Luxembourg,2007,2010,95.0791816705,99.6795634729,16358909116.6,2010,98.4294366881
LU,Luxembourg,2008,2010,109.798860049,101.648397651,17734045166.1,2010,107.806912666
LU,Luxembourg,2009,2010,94.7648970393,102.625673139,12904641405.7,2010,100.141519217
LU,Luxembourg,2010,2010,100.0,100.0,14293100643.2,2010,100.0
LU,Luxembourg,2011,2010,116.003460868,100.825489817,16797821103.7,2010,110.500826051
LU,Luxembourg,2012,2010,112.66949741,98.6314117415,13989516453.1,2010,106.217525074
LU,Luxembourg,2013,2010,113.496201162,100.67443268,14085790127.5,2010,109.160411911
LU,Luxembourg,2014,2010,110.838137589,100.269500104,15069515067.8,2010,109.562053736
LU,Luxembourg,2015,2010,91.2436946345,96.5566267391,13098732187.5,2010,94.5543119646
LV,Latvia,2007,2010,99.6751316902,91.5311563863,7892462900.32,2010,102.700518431
LV,Latvia,2008,2010,115.800134581,101.431358778,9278215738.68,2010,115.702678631
LV,Latvia,2009,2010,95.1701357292,107.095328531,7173710640.91,2010,98.8431959712
LV,Latvia,2010,2010,100.0,100.0,8850488833.83,2010,100.0
LV,Latvia,2011,2010,112.92866576,102.004914698,11995244094.4,2010,109.426028322
LV,Latvia,2012,2010,108.44386147,98.7844104437,12682735430.8,2010,103.705970508
LV,Latvia,2013,2010,107.23931272,98.7510423234,13317107893.5,2010,104.038790283
LV,Latvia,2014,2010,103.925875917,100.236547884,13597168424.7,2010,102.014752321
LV,Latvia,2015,2010,87.0628626027,99.045585314,11493494125.7,2010,88.9367830095
MA,Morocco,2007,2010,75.7371051602,101.678532361,15340104668.2,2010,84.0912347862
MA,Morocco,2008,2010,92.1375512527,102.211346475,20344847770.3,2010,116.73516968
MA,Morocco,2009,2010,86.9319818359,104.278369435,14054336931.3,2010,77.4142304359
MA,Morocco,2010,2010,100.0,100.0,17764818179.0,2010,100.0
MA,Morocco,2011,2010,119.920977626,97.7363785926,21644238168.3,2010,121.038398981
MA,Morocco,2012,2010,106.509946485,95.7922974298,21444408050.6,2010,129.142200373
MA,Morocco,2013,2010,107.999766588,97.5358096212,22048954285.9,2010,126.157852746
MA,Morocco,2014,2010,107.463540863,97.5682591818,23793122666.5,2010,120.153998975
MA,Morocco,2015,2010,98.666578095,97.8652201,21886227775.0,2010,66.8913452739
MD,"Moldova, Republic of",2007,2010,99.6751316902,87.7335363043,1340000000.0,2010,102.700518431
MD,"Moldova, Republic of",2008,2010,115.800134581,104.603216095,1591100000.0,2010,115.702678631
MD,"Moldova, Republic of",2009,2010,95.1701357292,106.513954009,1283000000.0,2010,98.8431959712
MD,"Moldova, Republic of",2010,2010,100.0,100.0,1541500000.0,2010,100.0
MD,"Moldova, Republic of",2011,2010,112.92866576,105.854597401,2216800000.0,2010,109.426028322
MD,"Moldova, Republic of",2012,2010,108.44386147,110.209591089,2161900000.0,2010,103.705970508
MD,"Moldova, Republic of",2013,2010,107.23931272,107.670471405,2398900000.0,2010,104.038790283
MD,"Moldova, Republic of",2014,2010,103.925875917,104.385698477,2334500000.0,2010,102.014752321
MD,"Moldova, Republic of",2015,2010,87.0628626027,100.776288975,1967500000.0,2010,88.9367830095
MK,"Macedonia, The Former Yugoslav Republic of",2007,2010,99.6751316902,98.946505394,3356100000.0,2010,102.700518431
MK,"Macedonia, The Former Yugoslav Republic of",2008,2010,115.800134581,103.092871791,3920477000.0,2010,115.702678631
MK,"Macedonia, The Former Yugoslav Republic of",2009,2010,95.1701357292,102.790675851,2691557000.0,2010,98.8431959712
MK,"Macedonia, The Former Yugoslav Republic of",2010,2010,100.0,100.0,3351429480.91,2010,100.0
MK,"Macedonia, The Former Yugoslav Republic of",2011,2010,112.92866576,101.622772729,4478313344.44,2010,109.426028322
MK,"Macedonia, The Former Yugoslav Republic of",2012,2010,108.44386147,101.113660735,4015402908.06,2010,103.705970508
MK,"Macedonia, The Former Yugoslav Republic of",2013,2010,107.23931272,103.440606139,4298771673.15,2010,104.038790283
MK,"Macedonia, The Former Yugoslav Republic of",2014,2010,103.925875917,103.191057077,4933844548.75,2010,102.014752321
MK,"Macedonia, The Former Yugoslav Republic of",2015,2010,87.0628626027,100.800116117,4489933277.61,2010,88.9367830095
MT,Malta,2007,2010,95.0791816705,99.5807113,2982505118.58,2010,98.4294366881
MT,Malta,2008,2010,109.798860049,98.0339573934,3597287711.95,2010,107.806912666
MT,Malta,2009,2010,94.7648970393,104.809650717,2899846875.88,2010,100.141519217
MT,Malta,2010,2010,100.0,100.0,3720756640.51,2010,100.0
MT,Malta,2011,2010,116.003460868,99.7056922572,5308942037.8,2010,110.500826051
MT,Malta,2012,2010,112.66949741,96.4570134036,5703000067.0,2010,106.217525074
MT,Malta,2013,2010,113.496201162,98.1454971929,5183885434.98,2010,109.160411911
MT,Malta,2014,2010,110.838137589,97.92092704,4819625660.78,2010,109.562053736
MT,Malta,2015,2010,91.2436946345,93.16338008,3849016255.2,2010,94.5543119646
MW,Malawi,2007,2010,91.0696885963,94.0634111644,709206399.0,2010,92.7896577894
MW,Malawi,2008,2010,105.643295282,97.0655400322,860000000.0,2010,106.438991344
MW,Malawi,2009,2010,91.4175360389,106.317394134,1080000000.0,2010,85.9160430819
MW,Malawi,2010,2010,100.0,100.0,1130018611.76,2010,100.0
MW,Malawi,2011,2010,126.496104484,96.7403837968,1398423425.12,2010,117.028761537
MW,Malawi,2012,2010,129.762611067,78.9667975919,1182963473.99,2010,117.424682587
MW,Malawi,2013,2010,125.447444236,66.7685932951,1195734397.82,2010,115.640692167
MW,Malawi,2014,2010,124.424076331,72.5756328992,1341898000.0,2010,110.744655513
MW,Malawi,2015,2010,117.304811017,83.1944686143,1374826000.0,2010,87.7614006768
MX,Mexico,2007,2010,81.3047769168,106.908046228,2.720548e+11,2010,89.232745672
MX,Mexico,2008,2010,102.644186922,105.15998925,2.91827e+11,2010,107.033655087
MX,Mexico,2009,2010,94.627998131,92.0716939221,2.296831e+11,2010,86.3325706724
MX,Mexico,2010,2010,100.0,100.0,2.9813803e+11,2010,100.0
MX,Mexico,2011,2010,108.701910033,100.400904388,3.49569224e+11,2010,122.02064927
MX,Mexico,2012,2010,112.832398478,97.5408982692,3.708885e+11,2010,118.257064822
MX,Mexico,2013,2010,109.524881696,103.523482934,3.801071e+11,2010,114.987555571
MX,Mexico,2014,2010,106.657133566,102.449767138,3.97658e+11,2010,107.59575642
MX,Mexico,2015,2010,113.738287675,92.1397565248,3.80763e+11,2010,89.6683791031
MY,Malaysia,2007,2010,96.7574466152,96.9720519412,1.75965800671e+11,2010,83.1640242241
MY,Malaysia,2008,2010,104.089580481,97.5502510754,1.99414513709e+11,2010,93.4661235442
MY,Malaysia,2009,2010,88.605317459,94.7925206761,1.5724401617e+11,2010,85.94171644
MY,Malaysia,2010,2010,100.0,100.0,1.98611993953e+11,2010,100.0
MY,Malaysia,2011,2010,143.399134463,100.362893543,2.28086030189e+11,2010,113.674214344
MY,Malaysia,2012,2010,152.896018467,100.106877715,2.27537638931e+11,2010,114.156454159
MY,Malaysia,2013,2010,145.366347051,100.603705915,2.2833133157e+11,2010,113.37509848
MY,Malaysia,2014,2010,146.276904467,99.8772484037,2.33927588168e+11,2010,109.828169548
MY,Malaysia,2015,2010,138.06605115,91.9328943686,1.99869484558e+11,2010,101.028439912
NG,Nigeria,2007,2010,91.0696885963,89.6450155461,65133060000.0,2010,92.7896577894
NG,Nigeria,2008,2010,105.643295282,99.1256142372,80615310000.0,2010,106.438991344
NG,Nigeria,2009,2010,91.4175360389,92.1357672567,56741900000.0,2010,85.9160430819
NG,Nigeria,2010,2010,100.0,100.0,84000000000.0,2010,100.0
NG,Nigeria,2011,2010,126.496104484,100.307846032,1.145e+11,2010,117.028761537
NG,Nigeria,2012,2010,129.762611067,111.389659716,1.14e+11,2010,117.424682587
NI,Nicaragua,2007,2010,81.3047769168,94.2373435916,1193757180.51,2010,89.232745672
NI,Nicaragua,2008,2010,102.644186922,97.7738919257,1472657000.0,2010,107.033655087
NI,Nicaragua,2009,2010,94.627998131,107.099747266,1392932700.13,2010,86.3325706724
NI,Nicaragua,2010,2010,100.0,100.0,1845198357.38,2010,100.0
NI,Nicaragua,2011,2010,108.701910033,95.9540566347,2294219300.0,2010,122.02064927
NI,Nicaragua,2012,2010,112.832398478,97.9779590309,2643512247.66,2010,118.257064822
NI,Nicaragua,2013,2010,109.524881696,98.3117374518,2407800000.0,2010,114.987555571
NI,Nicaragua,2014,2010,106.657133566,98.8692895073,2625750968.91,2010,107.59575642
NI,Nicaragua,2015,2010,113.738287675,103.93964709,2422829112.1,2010,89.6683791031
NL,Netherlands,2007,2010,100.302117467,100.642538626,4.72660024421e+11,2010,101.162847938
NL,Netherlands,2008,2010,112.715624209,101.76351445,5.45896963275e+11,2010,113.34759734
NL,Netherlands,2009,2010,97.7784044105,103.800243341,4.31695345291e+11,2010,98.4069504738
NL,Netherlands,2010,2010,100.0,100.0,4.92742440216e+11,2010,100.0
NL,Netherlands,2011,2010,110.180743863,99.5577268337,5.69513407536e+11,2010,110.355363561
NL,Netherlands,2012,2010,104.603689568,96.8998530892,5.5473935458e+11,2010,104.232784831
NL,Netherlands,2013,2010,106.422833028,99.8654608345,5.67660200854e+11,2010,106.857886813
NL,Netherlands,2014,2010,103.065845799,99.8936014427,5.74260500071e+11,2010,103.398827883
NL,Netherlands,2015,2010,81.7718952826,95.757592087,4.7109180501e+11,2010,83.0971138601
NO,Norway,2007,2010,100.632560094,97.6856490667,1.36370610808e+11,2010,98.4075303585
NO,Norway,2008,2010,108.943415377,97.7514865455,1.71764208113e+11,2010,122.398168585
NO,Norway,2009,2010,96.8580652075,95.1998003804,1.16777894459e+11,2010,86.7288110189
NO,Norway,2010,2010,100.0,100.0,1.30669324895e+11,2010,100.0
NO,Norway,2011,2010,112.125297719,100.578605946,1.60305332908e+11,2010,127.275596953
NO,Norway,2012,2010,108.483161875,100.267789438,1.61027212242e+11,2010,126.274759923
NO,Norway,2013,2010,109.824575354,98.9024039677,1.53139094623e+11,2010,127.464463761
NO,Norway,2014,2010,108.034628447,94.0300973016,1.42303865008e+11,2010,115.426047113
NO,Norway,2015,2010,89.2722992846,86.2634993095,1.0342055381e+11,2010,80.542570845
NZ,New Zealand,2007,2010,96.9466596505,104.004722026,28121934058.6,2010,92.0034210654
NZ,New Zealand,2008,2010,106.025179162,96.957952677,30905235368.5,2010,103.40202672
NZ,New Zealand,2009,2010,86.8828217884,91.2982497718,24847784052.5,2010,77.5102181639
NZ,New Zealand,2010,2010,100.0,100.0,32276617513.3,2010,100.0
NZ,New Zealand,2011,2010,111.087311077,104.082679674,37484844653.8,2010,113.704241216
NZ,New Zealand,2012,2010,111.574550378,107.836763894,37381548501.0,2010,106.088983066
NZ,New Zealand,2013,2010,107.426603024,111.396865903,41073931755.4,2010,116.624756022
NZ,New Zealand,2014,2010,103.225738318,115.009489629,40658811333.6,2010,112.083033082
NZ,New Zealand,2015,2010,86.268261392,109.040264947,34256839150.2,2010,91.1017750606
PG,Papua New Guinea,2007,2010,96.7574466152,83.7808699782,4683304491.95,2010,83.1640242241
PG,Papua New Guinea,2008,2010,104.089580481,95.1714403893,5714225071.38,2010,93.4661235442
PG,Papua New Guinea,2009,2010,88.605317459,102.944460487,4404005016.16,2010,85.94171644
PG,Papua New Guinea,2010,2010,100.0,100.0,5741655191.95,2010,100.0
PG,Papua New Guinea,2011,2010,143.399134463,108.721961529,6908349797.35,2010,113.674214344
PG,Papua New Guinea,2012,2010,152.896018467,128.092196384,6327647035.58,2010,114.156454159
PG,Papua New Guinea,2013,2010,145.366347051,126.966412003,5951007373.36,2010,113.37509848
PG,Papua New Guinea,2014,2010,146.276904467,123.464993529,8760503245.41,2010,109.828169548
PG,Papua New Guinea,2015,2010,138.06605115,131.221201114,8392771788.28,2010,101.028439912
PH,Philippines,2007,2010,96.7574466152,94.4815231494,50518231666.1,2010,83.1640242241
PH,Philippines,2008,2010,104.089580481,97.3365414969,49461660719.1,2010,93.4661235442
PH,Philippines,2009,2010,88.605317459,95.650741833,38420615854.8,2010,85.94171644
PH,Philippines,2010,2010,100.0,100.0,51540736702.9,2010,100.0
PH,Philippines,2011,2010,143.399134463,100.671692008,48316400794.0,2010,113.674214344
PH,Philippines,2012,2010,152.896018467,105.55133756,52072549857.9,2010,114.156454159
PH,Philippines,2013,2010,145.366347051,109.774443938,56646851140.8,2010,113.37509848
PH,Philippines,2014,2010,146.276904467,109.414709375,62148408228.0,2010,109.828169548
PH,Philippines,2015,2010,138.06605115,116.560576818,58636522449.6,2010,101.028439912
PK,Pakistan,2007,2010,82.3902105895,98.145680165,17837486285.7,2010,83.4779677023
PK,Pakistan,2008,2010,105.582110324,94.5044017496,20323120071.7,2010,94.0598275157
PK,Pakistan,2009,2010,87.8709147475,95.1310808494,17523149681.4,2010,88.0679528678
PK,Pakistan,2010,2010,100.0,100.0,21409510634.2,2010,100.0
PK,Pakistan,2011,2010,123.844952858,102.822911705,25382616194.8,2010,118.295512247
PK,Pakistan,2012,2010,129.528611538,104.388157598,24567320134.6,2010,118.820815899
PK,Pakistan,2013,2010,132.480779906,102.305112221,25120811667.7,2010,116.065118022
PK,Pakistan,2014,2010,131.667830953,109.740686955,24705539634.0,2010,119.696066851
PK,Pakistan,2015,2010,122.25962524,119.811850412,22089142341.4,2010,113.856859893
PL,Poland,2007,2010,99.6751316902,100.975279409,1.363602e+11,2010,102.700518431
PL,Poland,2008,2010,115.800134581,110.715300088,1.695365e+11,2010,115.702678631
PL,Poland,2009,2010,95.1701357292,94.0605926594,1.366413e+11,2010,98.8431959712
PL,Poland,2010,2010,100.0,100.0,1.597576e+11,2010,100.0
PL,Poland,2011,2010,112.92866576,98.5527351797,1.886715e+11,2010,109.426028322
PL,Poland,2012,2010,108.44386147,96.01336329,1.818184e+11,2010,103.705970508
PL,Poland,2013,2010,107.23931272,96.67901843,2.026478e+11,2010,104.038790283
PL,Poland,2014,2010,103.925875917,97.3444550595,2.188918e+11,2010,102.014752321
PL,Poland,2015,2010,87.0628626027,94.0201955585,1.99378e+11,2010,88.9367830095
PT,Portugal,2007,2010,95.0791816705,101.904233532,50246138397.6,2010,98.4294366881
PT,Portugal,2008,2010,109.798860049,102.738013935,57558150420.5,2010,107.806912666
PT,Portugal,2009,2010,94.7648970393,102.162721602,44349452998.9,2010,100.141519217
PT,Portugal,2010,2010,100.0,100.0,48737885960.9,2010,100.0
PT,Portugal,2011,2010,116.003460868,100.862315522,59608497576.5,2010,110.500826051
PT,Portugal,2012,2010,112.66949741,99.5147949384,58256324343.0,2010,106.217525074
PT,Portugal,2013,2010,113.496201162,99.6410333366,62843050495.4,2010,109.160411911
PT,Portugal,2014,2010,110.838137589,98.490909304,64056781488.5,2010,109.562053736
PT,Portugal,2015,2010,91.2436946345,95.9449861005,55399632197.8,2010,94.5543119646
PY,Paraguay,2007,2010,81.3047769168,93.1318012812,4723587272.0,2010,89.232745672
PY,Paraguay,2008,2010,102.644186922,107.139795443,6407099506.0,2010,107.033655087
PY,Paraguay,2009,2010,94.627998131,98.1549006959,5079610911.0,2010,86.3325706724
PY,Paraguay,2010,2010,100.0,100.0,6516557123.0,2010,100.0
PY,Paraguay,2011,2010,108.701910033,111.832878426,7776442192.96,2010,122.02064927
PY,Paraguay,2012,2010,112.832398478,110.051697512,7282793883.47,2010,118.257064822
PY,Paraguay,2013,2010,109.524881696,115.772962897,9456342194.2,2010,114.987555571
PY,Paraguay,2014,2010,106.657133566,119.442403259,9635886292.43,2010,107.59575642
PY,Paraguay,2015,2010,113.738287675,117.218540577,8356540000.0,2010,89.6683791031
RO,Romania,2007,2010,99.6751316902,111.651786097,40041660000.0,2010,102.700518431
RO,Romania,2008,2010,115.800134581,106.085182499,49538900000.0,2010,115.702678631
RO,Romania,2009,2010,95.1701357292,98.0750336474,40620900000.0,2010,98.8431959712
RO,Romania,2010,2010,100.0,100.0,49356600000.0,2010,100.0
RO,Romania,2011,2010,112.92866576,102.85377736,62659100000.0,2010,109.426028322
RO,Romania,2012,2010,108.44386147,96.671849196,57904400000.0,2010,103.705970508
RO,Romania,2013,2010,107.23931272,101.232425232,65881400000.0,2010,104.038790283
RO,Romania,2014,2010,103.925875917,101.474340228,69890800000.0,2010,102.014752321
RO,Romania,2015,2010,87.0628626027,97.7411853282,60602500000.0,2010,88.9367830095
RU,Russian Federation,2007,2010,99.6751316902,92.0359456664,3.4653e+11,2010,102.700518431
RU,Russian Federation,2008,2010,115.800134581,98.3448219627,4.66298e+11,2010,115.702678631
RU,Russian Federation,2009,2010,95.1701357292,91.7260142501,2.97155e+11,2010,98.8431959712
RU,Russian Federation,2010,2010,100.0,100.0,3.92674e+11,2010,100.0
RU,Russian Federation,2011,2010,112.92866576,104.911384075,5.15408e+11,2010,109.426028322
RU,Russian Federation,2012,2010,108.44386147,106.486667423,5.27433e+11,2010,103.705970508
RU,Russian Federation,2013,2010,107.23931272,108.395420481,5.21836e+11,2010,104.038790283
RU,Russian Federation,2014,2010,103.925875917,99.2072096984,4.97764e+11,2010,102.014752321
RU,Russian Federation,2015,2010,87.0628626027,81.903006446,3.41465e+11,2010,88.9367830095
SA,Saudi Arabia,2007,2010,75.7371051602,95.9675033148,2.33328885924e+11,2010,84.0912347862
SA,Saudi Arabia,2008,2010,92.1375512527,93.6237209802,3.13426666667e+11,2010,116.73516968
SA,Saudi Arabia,2009,2010,86.9319818359,100.165125288,1.92296e+11,2010,77.4142304359
SA,Saudi Arabia,2010,2010,100.0,100.0,2.51146666667e+11,2010,100.0
SA,Saudi Arabia,2011,2010,119.920977626,96.5690601316,3.64698666667e+11,2010,121.038398981
SA,Saudi Arabia,2012,2010,106.509946485,99.6207338275,3.88370666667e+11,2010,129.142200373
SA,Saudi Arabia,2013,2010,107.999766588,102.370567592,3.75872e+11,2010,126.157852746
SA,Saudi Arabia,2014,2010,107.463540863,105.39077595,3.42298666667e+11,2010,120.153998975
SA,Saudi Arabia,2015,2010,98.666578095,118.586090959,2.02237333333e+11,2010,66.8913452739
SB,Solomon Islands,2007,2010,96.7574466152,93.4379527714,158318997.53,2010,83.1640242241
SB,Solomon Islands,2008,2010,104.089580481,100.615445231,211874743.788,2010,93.4661235442
SB,Solomon Islands,2009,2010,88.605317459,107.57231224,159714237.068,2010,85.94171644
SB,Solomon Islands,2010,2010,100.0,100.0,217468624.15,2010,100.0
SB,Solomon Islands,2011,2010,143.399134463,103.08329767,410831339.721,2010,113.674214344
SB,Solomon Islands,2012,2010,152.896018467,112.591960829,488173829.65,2010,114.156454159
SB,Solomon Islands,2013,2010,145.366347051,121.120135255,486642621.947,2010,113.37509848
SB,Solomon Islands,2014,2010,146.276904467,128.141270503,458093665.306,2010,109.828169548
SB,Solomon Islands,2015,2010,138.06605115,134.519735416,400667744.831,2010,101.028439912
SE,Sweden,2007,2010,101.23349473,105.613155718,1.68979224858e+11,2010,102.303549323
SE,Sweden,2008,2010,110.312318615,103.516564236,1.83906834793e+11,2010,107.781183949
SE,Sweden,2009,2010,94.2034331588,93.4137398505,1.31042273721e+11,2010,95.2570032928
SE,Sweden,2010,2010,100.0,100.0,1.58089860322e+11,2010,100.0
SE,Sweden,2011,2010,112.854636054,106.195654979,1.87243344567e+11,2010,111.15143484
SE,Sweden,2012,2010,107.146536107,105.720585842,1.72725910149e+11,2010,105.37534462
SE,Sweden,2013,2010,107.077628456,106.947301747,1.67620254617e+11,2010,104.435440084
SE,Sweden,2014,2010,103.124993869,100.918200216,1.62549698164e+11,2010,101.972803035
SE,Sweden,2015,2010,82.805319495,94.0846676531,1.40004339138e+11,2010,84.0571358213
SG,Singapore,2007,2010,94.7447873368,91.7336695578,2.99271642566e+11,2010,96.3120933486
SG,Singapore,2008,2010,103.981394336,96.6646902799,3.38175951513e+11,2010,103.931048955
SG,Singapore,2009,2010,93.0428565567,96.6732968761,2.69832356362e+11,2010,92.5001756527
SG,Singapore,2010,2010,100.0,100.0,3.51867092216e+11,2010,100.0
SG,Singapore,2011,2010,113.61258263,105.536670823,4.09503207117e+11,2010,111.041594738
SG,Singapore,2012,2010,114.006932439,110.409475573,4.08393073782e+11,2010,110.545303361
SG,Singapore,2013,2010,110.670935436,113.378204143,4.10249703806e+11,2010,107.421000156
SG,Singapore,2014,2010,106.259266996,112.904571013,4.05305211619e+11,2010,103.578030298
SG,Singapore,2015,2010,85.4939313612,110.561774439,3.4663797815e+11,2010,88.9270008993
SK,Slovakia,2007,2010,99.6751316902,88.8839638867,57779752079.0,2010,102.700518431
SK,Slovakia,2008,2010,115.800134581,97.2508865113,71064996900.2,2010,115.702678631
SK,Slovakia,2009,2010,95.1701357292,103.727322237,55180338138.9,2010,98.8431959712
SK,Slovakia,2010,2010,100.0,100.0,63932749795.6,2010,100.0
SK,Slovakia,2011,2010,112.92866576,101.176539835,78936241467.8,2010,109.426028322
SK,Slovakia,2012,2010,108.44386147,100.71863048,79846602730.9,2010,103.705970508
SK,Slovakia,2013,2010,107.23931272,102.159124354,85204166060.4,2010,104.038790283
SK,Slovakia,2014,2010,103.925875917,101.936993698,85867534448.5,2010,102.014752321
SK,Slovakia,2015,2010,87.0628626027,98.5334162377,75267260557.7,2010,88.9367830095
SL,Sierra Leone,2007,2010,91.0696885963,95.5531295697,244464210.304,2010,92.7896577894
SL,Sierra Leone,2008,2010,105.643295282,102.128653305,215258757.225,2010,106.438991344
SL,Sierra Leone,2009,2010,91.4175360389,103.543978401,232913496.67,2010,85.9160430819
SL,Sierra Leone,2010,2010,100.0,100.0,341191366.692,2010,100.0
SL,Sierra Leone,2011,2010,126.496104484,100.605964403,349582483.605,2010,117.028761537
SL,Sierra Leone,2012,2010,129.762611067,117.282477619,1121661966.03,2010,117.424682587
SL,Sierra Leone,2013,2010,125.447444236,126.896587815,1909558367.49,2010,115.640692167
SL,Sierra Leone,2014,2010,124.424076331,130.722679388,1552023994.29,2010,110.744655513
SL,Sierra Leone,2015,2010,117.304811017,142.352135649,727030096.0,2010,87.7614006768
TG,Togo,2007,2010,91.0696885963,99.3956123189,700000000.0,2010,92.7896577894
TG,Togo,2008,2010,105.643295282,104.882571161,900000000.0,2010,106.438991344
TG,Togo,2009,2010,91.4175360389,106.514215981,810302268.864,2010,85.9160430819
TG,Togo,2010,2010,100.0,100.0,640061998.225,2010,100.0
TG,Togo,2011,2010,126.496104484,100.689732146,1100000000.0,2010,117.028761537
TG,Togo,2012,2010,129.762611067,96.7190845697,1000000000.0,2010,117.424682587
TG,Togo,2013,2010,125.447444236,98.8407846161,1050000000.0,2010,115.640692167
TN,Tunisia,2007,2010,75.7371051602,102.382769439,15162915532.6,2010,84.0912347862
TN,Tunisia,2008,2010,92.1375512527,101.681329633,19319259353.5,2010,116.73516968
TN,Tunisia,2009,2010,86.9319818359,100.490756586,14449444710.4,2010,77.4142304359
TN,Tunisia,2010,2010,100.0,100.0,16426556568.0,2010,100.0
TN,Tunisia,2011,2010,119.920977626,98.2214003031,17847037343.5,2010,121.038398981
TN,Tunisia,2012,2010,106.509946485,96.7448441882,17007530001.3,2010,129.142200373
TN,Tunisia,2013,2010,107.999766588,94.9303296616,17060557094.6,2010,126.157852746
TN,Tunisia,2014,2010,107.463540863,94.7851588308,16755613238.5,2010,120.153998975
TN,Tunisia,2015,2010,98.666578095,99.6555553211,14073432445.4,2010,66.8913452739
TT,Trinidad and Tobago,2007,2010,81.3047769168,81.5809507625,13215200000.0,2010,89.232745672
TT,Trinidad and Tobago,2008,2010,102.644186922,86.9019883641,18647200000.0,2010,107.033655087
TT,Trinidad and Tobago,2009,2010,94.627998131,94.6878514137,9221300000.0,2010,86.3325706724
TT,Trinidad and Tobago,2010,2010,100.0,100.0,11238900000.0,2010,100.0
TT,Trinidad and Tobago,2011,2010,108.701910033,99.0008364344,14943860000.0,2010,122.02064927
TT,Trinidad and Tobago,2012,2010,112.832398478,107.042511485,12983380000.0,2010,118.257064822
TT,Trinidad and Tobago,2013,2010,109.524881696,111.129292328,12769610000.0,2010,114.987555571
TT,Trinidad and Tobago,2014,2010,106.657133566,117.022385502,11600000000.0,2010,107.59575642
TT,Trinidad and Tobago,2015,2010,113.738287675,129.515698073,7285000000.0,2010,89.6683791031
U2,Euro area (Member States and Institutions of the Euro Area) changing composition,2007,2010,95.0791816705,104.77808306,2.06265976555e+12,2010,98.4294366881
U2,Euro area (Member States and Institutions of the Euro Area) changing composition,2008,2010,109.798860049,107.955244985,2.30942793109e+12,2010,107.806912666
U2,Euro area (Member States and Institutions of the Euro Area) changing composition,2009,2010,94.7648970393,109.327265377,1.79517962239e+12,2010,100.141519217
U2,Euro area (Member States and Institutions of the Euro Area) changing composition,2010,2010,100.0,100.0,2.04786051019e+12,2010,100.0
U2,Euro area (Member States and Institutions of the Euro Area) changing composition,2011,2010,116.003460868,99.4534950533,2.43109693449e+12,2010,110.500826051
U2,Euro area (Member States and Institutions of the Euro Area) changing composition,2012,2010,112.66949741,94.3003844117,2.41530764238e+12,2010,106.217525074
U2,Euro area (Member States and Institutions of the Euro Area) changing composition,2013,2010,113.496201162,98.2918331022,2.51958102123e+12,2010,109.160411911
U2,Euro area (Member States and Institutions of the Euro Area) changing composition,2014,2010,110.838137589,98.407578022,2.57470987539e+12,2010,109.562053736
U2,Euro area (Member States and Institutions of the Euro Area) changing composition,2015,2010,91.2436946345,89.9304005323,2.26652005136e+12,2010,94.5543119646
UA,Ukraine,2007,2010,99.6751316902,106.548303139,49296100000.0,2010,102.700518431
UA,Ukraine,2008,2010,115.800134581,116.144738572,66967300000.0,2010,115.702678631
UA,Ukraine,2009,2010,95.1701357292,97.3913838493,39695700000.0,2010,98.8431959712
UA,Ukraine,2010,2010,100.0,100.0,51405200000.0,2010,100.0
UA,Ukraine,2011,2010,112.92866576,100.339672848,68394200000.0,2010,109.426028322
UA,Ukraine,2012,2010,108.44386147,102.791736546,68830700000.0,2010,103.705970508
UA,Ukraine,2013,2010,107.23931272,99.6343142813,63320700000.0,2010,104.038790283
UA,Ukraine,2014,2010,103.925875917,78.2529999755,53901700000.0,2010,102.014752321
UA,Ukraine,2015,2010,87.0628626027,73.6613243598,38134800000.0,2010,88.9367830095
UG,Uganda,2007,2010,91.0696885963,105.59722167,1999517169.11,2010,92.7896577894
UG,Uganda,2008,2010,105.643295282,109.194802904,2711727428.53,2010,106.438991344
UG,Uganda,2009,2010,91.4175360389,107.316313674,2995091956.04,2010,85.9160430819
UG,Uganda,2010,2010,100.0,100.0,3106693332.1,2010,100.0
UG,Uganda,2011,2010,126.496104484,95.778433114,2409112265.09,2010,117.028761537
UG,Uganda,2012,2010,129.762611067,109.050156326,2861028469.07,2010,117.424682587
UG,Uganda,2013,2010,125.447444236,110.901634261,2846909011.96,2010,115.640692167
UG,Uganda,2014,2010,124.424076331,114.280053737,2664718315.64,2010,110.744655513
UG,Uganda,2015,2010,117.304811017,105.597354809,2696705693.1,2010,87.7614006768
US,United States,2007,2010,94.8143279658,103.62165708,1.1481986e+12,2010,94.2808798646
US,United States,2008,2010,105.724613868,99.5435641721,1.2874421e+12,2010,99.9593908629
US,United States,2009,2010,93.5721327637,104.038560376,1.056043e+12,2010,95.3502538071
US,United States,2010,2010,100.0,100.0,1.2784945e+12,2010,100.0
US,United States,2011,2010,110.903713441,95.098143353,1.4802904e+12,2010,108.054145516
US,United States,2012,2010,111.212619126,97.9989927475,1.5457087e+12,2010,108.439932318
US,United States,2013,2010,109.990141308,99.1149253142,1.5790462e+12,2010,107.986463621
US,United States,2014,2010,108.807098258,101.181285984,1.623414e+12,2010,107.438240271
US,United States,2015,2010,97.7390732829,113.840501863,1.50458146914e+12,2010,100.642978003
UY,Uruguay,2007,2010,81.3047769168,79.4394856915,4485230000.0,2010,89.232745672
UY,Uruguay,2008,2010,102.644186922,86.9997585726,6420785000.0,2010,107.033655087
UY,Uruguay,2009,2010,94.627998131,89.3360904101,5417037000.0,2010,86.3325706724
UY,Uruguay,2010,2010,100.0,100.0,6707126000.0,2010,100.0
UY,Uruguay,2011,2010,108.701910033,101.965931334,7997473000.0,2010,122.02064927
UY,Uruguay,2012,2010,112.832398478,105.166151957,8600590000.0,2010,118.257064822
UY,Uruguay,2013,2010,109.524881696,112.13277701,8843643000.0,2010,114.987555571
UY,Uruguay,2014,2010,106.657133566,110.217990737,9475211000.0,2010,107.59575642
UY,Uruguay,2015,2010,113.738287675,114.256218756,7741618000.0,2010,89.6683791031
VC,Saint Vincent and the Grenadines,2007,2010,81.3047769168,96.4279215568,47713742.5926,2010,89.232745672
VC,Saint Vincent and the Grenadines,2008,2010,102.644186922,95.9455158151,52205637.4074,2010,107.033655087
VC,Saint Vincent and the Grenadines,2009,2010,94.627998131,102.027838621,49889594.8148,2010,86.3325706724
VC,Saint Vincent and the Grenadines,2010,2010,100.0,100.0,43995901.4815,2010,100.0
VC,Saint Vincent and the Grenadines,2011,2010,108.701910033,95.8793924806,38997970.7407,2010,122.02064927
VC,Saint Vincent and the Grenadines,2012,2010,112.832398478,101.720232196,44000000.0,2010,118.257064822
VC,Saint Vincent and the Grenadines,2013,2010,109.524881696,99.6172728493,45000000.0,2010,114.987555571
VC,Saint Vincent and the Grenadines,2014,2010,106.657133566,99.5556293579,49000000.0,2010,107.59575642
VC,Saint Vincent and the Grenadines,2015,2010,113.738287675,111.302499602,45000000.0,2010,89.6683791031
WS,Samoa,2007,2010,96.7574466152,89.2284663196,15467418.8,2010,83.1640242241
WS,Samoa,2008,2010,104.089580481,93.2956444721,11215988.6272,2010,93.4661235442
WS,Samoa,2009,2010,88.605317459,101.01998152,11647753.2,2010,85.94171644
WS,Samoa,2010,2010,100.0,100.0,13480429.5,2010,100.0
WS,Samoa,2011,2010,143.399134463,100.933610347,16995210.5609,2010,113.674214344
WS,Samoa,2012,2010,152.896018467,102.938000899,34131778.2743,2010,114.156454159
WS,Samoa,2013,2010,145.366347051,104.685322442,23944577.7,2010,113.37509848
ZA,South Africa,2007,2010,91.0696885963,89.2608547986,69784068558.0,2010,92.7896577894
ZA,South Africa,2008,2010,105.643295282,79.4294536873,84636778033.6,2010,106.438991344
ZA,South Africa,2009,2010,91.4175360389,86.5807844812,62614175167.0,2010,85.9160430819
ZA,South Africa,2010,2010,100.0,100.0,81819653428.8,2010,100.0
ZA,South Africa,2011,2010,126.496104484,97.9167011854,96928171048.7,2010,117.028761537
ZA,South Africa,2012,2010,129.762611067,92.6039420025,87373823323.3,2010,117.424682587
ZA,South Africa,2013,2010,125.447444236,82.8418545745,83533826966.3,2010,115.640692167
ZA,South Africa,2014,2010,124.424076331,77.5989444416,91196575621.1,2010,110.744655513
ZA,South Africa,2015,2010,117.304811017,77.157246271,81671380717.3,2010,87.7614006768
ZM,Zambia,2007,2010,91.0696885963,95.6203973798,4615924416.03,2010,92.7896577894
ZM,Zambia,2008,2010,105.643295282,110.105745193,5066578790.96,2010,106.438991344
ZM,Zambia,2009,2010,91.4175360389,94.5022905455,4309621996.92,2010,85.9160430819
ZM,Zambia,2010,2010,100.0,100.0,7197612300.37,2010,100.0
ZM,Zambia,2011,2010,126.496104484,97.380867661,8824488499.65,2010,117.028761537
ZM,Zambia,2012,2010,129.762611067,100.572970118,9375250356.17,2010,117.424682587
ZM,Zambia,2013,2010,125.447444236,104.257777984,10600307476.1,2010,115.640692167
ZM,Zambia,2014,2010,124.424076331,100.023834257,9696384735.13,2010,110.744655513
ZM,Zambia,2015,2010,117.304811017,90.8794120018,6979435735.38,2010,87.7614006768
