,j,cs,ns,cn,nn
2008,AD,792.541,594.455,180492.652,478270.192
2008,AE,11163614.0371,19663765.2238,24858470.0461,74842234.0527
2008,AF,295035.957,397175.722,362453.96,1751505.587
2008,AG,3968.821,558531.51,57287.912,498904.391
2008,AI,207.369,355.38,27342.193,55430.773
2008,AL,50408.528,130134.462,733329.448,1575947.193
2008,AM,54398.04333,226642.2011,621247.61902,2027565.82515
2008,AN,26653.926,43657.551,353969.788,1203231.689
2008,AO,1266364.164,2519836.818,2088607.218,8482423.597
2008,AR,4449689.53259,17443577.6356,4106596.09098,19622522.8097
2008,AS,255.493,11.0,35565.522,28870.846
2008,AT,2912996.95182,5259519.83111,32919267.1702,84287077.2779
2008,AU,9086539.49994,14809034.2619,28432477.4544,76260139.6134
2008,AW,2134.834,35124.362,1348158.657,260780.602
2008,AZ,113851.06646,523741.87581,1777499.05267,5500286.81444
2008,BA,118562.97593,405969.014,2026229.39921,5264732.84703
2008,BB,16431.977,19171.913,163097.543,512138.557
2008,BD,1006023.316,3826249.54,962359.991,5285299.525
2008,BE,8287397.64924,18479564.7659,76597317.1362,233079869.488
2008,BF,7959.2,25960.162,193883.724,413792.796
2008,BG,786784.47827,1820661.5729,10698582.8269,16260026.379
2008,BH,205879.479,783078.165,1007490.534,4689936.752
2008,BI,2350.663,19713.464,62714.045,129070.511
2008,BJ,302541.809,1469008.93,204324.977,1222807.732
2008,BM,78955.614,97517.677,93602.338,2982516.803
2008,BN,44509.955,60068.641,216760.727,864203.233
2008,BO,575626.37992,877146.76061,559173.84466,2520401.03051
2008,BR,13932369.6905,17603617.0969,23198572.4031,94958704.7555
2008,BS,40291.412,624080.354,397889.9,4765723.296
2008,BT,59832.54542,218861.21898,23277.33719,92755.74534
2008,BY,664247.60954,1616943.36215,13914604.2971,15862149.301
2008,BZ,11227.01,18769.519,154076.896,255957.027
2008,CA,15097316.0692,20706249.8399,70615958.219,189443871.006
2008,CC,0.0,0.0,1164.086,5102.71
2008,CF,1374.073,7850.972,16394.667,93271.861
2008,CG,121060.898,382301.065,367023.175,1373946.887
2008,CH,2321680.36409,9991586.98306,28282903.6885,112746776.693
2008,CI,2363929.40294,432396.28074,980955.79672,2206474.92294
2008,CK,233.716,507.564,11295.087,32332.583
2008,CL,7281412.7877,6933625.7443,6943678.79614,22528943.1592
2008,CM,110304.342,273237.789,417137.758,1370173.335
2008,CN,32448000.0245,52806180.3797,183432603.987,526887193.626
2008,CO,1591835.03718,5342043.51177,4571697.06115,20165154.0303
2008,CR,337860.29742,855118.1755,2405540.37728,8149550.64115
2008,CU,289282.073,946466.49,953107.657,3621124.965
2008,CV,18196.69934,17182.73704,160582.91877,308870.11986
2008,CX,0.0,0.0,2591.887,18063.654
2008,CY,235502.60703,1208276.48381,2044997.72989,6915554.39799
2008,CZ,3568699.39044,12008512.182,27010450.9544,69932365.7452
2008,DE,25623339.7126,78918142.4842,200785058.38,509828139.177
2008,DJ,107758.309,158000.85,161144.397,609108.392
2008,DK,1685739.50174,4025738.93178,17175545.568,49343411.9546
2008,DM,15193.426,48298.649,40302.967,104948.567
2008,DO,357505.12726,934956.18124,2034399.93719,6527651.13765
2008,DZ,887880.64084,3894081.47099,7339376.42032,23164896.7149
2008,EC,792357.16538,1841307.69251,2340852.41627,8695326.2195
2008,EE,309848.87976,769275.82533,2717686.39475,7407077.85381
2008,EG,2075417.72195,5813849.93048,11420295.8745,32592617.2288
2008,ER,17434.821,11741.647,32431.378,96379.26
2008,ES,15133047.4659,32201030.4881,74000525.8897,182835208.648
2008,ET,554008.80911,1570864.63488,717127.38656,3019666.24838
2008,FI,1700866.74473,5678347.31328,20043589.3577,45811278.7954
2008,FJ,29067.17763,98378.86694,234466.47777,772138.14647
2008,FK,0.0,0.0,6899.265,24304.391
2008,FM,704.713,1468.927,10747.402,42342.299
2008,FR,17006251.8844,35740231.1783,121701651.899,332129925.742
2008,GA,44440.02,83266.003,318404.763,1173715.172
2008,GB,14318740.0527,30793874.8349,97235062.5989,314772821.895
2008,GD,1305.375,3432.068,39675.143,91078.119
2008,GE,69453.336,229156.804,724367.732,2260404.973
2008,GH,498782.002,880019.064,950120.322,3086709.2
2008,GI,49924.055,40148.565,99188.879,387807.487
2008,GL,1062.9658,3377.8097,122164.7892,304958.67143
2008,GM,27193.127,128216.398,63259.204,152325.869
2008,GN,82782.012,142215.884,207300.465,605648.836
2008,GQ,122313.394,164645.373,215507.49,564302.157
2008,GR,1064203.72751,4265688.94767,18935040.11,35847059.3861
2008,GT,350224.07576,813014.21714,1750382.669,6483851.69658
2008,GU,0.0,94.233,32423.455,141659.07
2008,GW,4413.665,4394.681,28563.041,58024.581
2008,GY,30978.81223,70441.06628,141218.87299,537458.07654
2008,HK,17853379.3208,107272014.919,14290766.9539,117702076.458
2008,HN,123217.292,256568.862,1100714.711,4274783.596
2008,HR,383998.63201,1389441.73584,6919613.74669,13609398.8344
2008,HT,40415.176,75909.18,229602.116,855474.04
2008,HU,1447795.47457,8385389.30705,19188409.1538,57359029.2057
2008,ID,4454348.902,11655920.26,12200179.515,49594399.103
2008,IE,535186.15986,5188313.59497,10478902.7836,42696568.7064
2008,IL,1022155.29706,2687035.68172,8906737.09874,34630389.4921
2008,IN,9150438.916,23547360.057,26878304.959,108741378.766
2008,IO,0.0,0.0,706.726,7464.496
2008,IQ,219897.919,803902.57,2923982.895,7889241.348
2008,IR,2061531.351,5768189.443,5998446.997,27486745.494
2008,IS,88542.02163,333551.70667,857135.28,3249841.4107
2008,IT,14089104.0752,41574309.6113,107425309.579,252256992.871
2008,JM,316402.43195,296548.33274,1767035.38578,2322673.32197
2008,JO,651195.5621,1747198.86743,4481000.60973,7882674.79781
2008,JP,28630780.7836,79229140.4469,181790429.959,266368599.383
2008,KE,507581.83291,1229203.67245,2500975.87362,4589394.22313
2008,KG,215219.78303,991744.86301,390235.79226,1037451.96678
2008,KH,585112.85014,1210103.55332,789435.63094,2920555.06959
2008,KI,440.032,208.122,4309.405,22945.916
2008,KM,16330.30042,16446.72174,106949.61843,348622.88107
2008,KN,2145.898,1057.463,36289.096,99300.027
2008,KP,887195.514,882718.432,62077.874,400544.714
2008,KR,23566812.5182,50732707.5358,112577263.404,181757810.69
2008,KW,526688.913,1216856.447,2323115.475,9782836.599
2008,KY,113880.055,258368.895,178585.263,1334762.981
2008,KZ,1367003.078,3506710.96,7351675.171,12247982.17
2008,LA,117337.158,221668.951,311198.874,940604.272
2008,LB,643503.39935,1037501.16884,1720766.30376,5944454.32644
2008,LC,3574734.288,24629.176,55047.093,130400.509
2008,LK,673975.67841,1914112.93455,2713669.43453,5224729.00976
2008,LR,209945.253,696060.132,115546.67,5370635.828
2008,LT,926012.45417,1696570.96037,9587145.99724,12074105.6824
2008,LV,345680.33037,594778.04953,2419006.92395,7443549.11368
2008,LY,539159.378,1400253.704,1998805.778,7481748.744
2008,MA,1023068.977,2331885.708,4890068.243,17744091.442
2008,MD,68343.766,124443.066,562700.193,1506698.379
2008,MG,223943.15451,621730.3872,512743.18051,1497585.24884
2008,MH,23877.812,730351.68,23123.315,7161722.456
2008,ML,86676.67335,196318.22853,509273.62785,1116041.77612
2008,MM,539532.287,1113288.372,385157.255,1320199.556
2008,MN,218881.471,468753.112,144006.854,813464.027
2008,MO,439788.10557,870593.70454,349549.20083,1293229.54644
2008,MP,0.0,0.0,9251.251,25565.101
2008,MR,17324.247,99184.98,208851.055,635562.02
2008,MS,19.105,30.114,3140.126,8811.513
2008,MT,76715.05391,860497.46033,612993.05856,5959958.71041
2008,MU,199381.19588,477675.67163,487187.85503,1557462.44091
2008,MV,59344.54545,49684.96862,201529.31619,423114.68973
2008,MW,115358.68202,437193.91387,312662.05192,890055.58495
2008,MX,5055837.557,26076063.7408,40898414.4576,158642471.484
2008,MY,4007959.259,13726540.6,12937076.537,59600983.516
2008,MZ,111633.056,196813.885,443758.279,1531150.569
2008,NC,29327.54644,130834.61695,414807.92176,1250409.93608
2008,NE,157985.846,131282.157,88803.199,392145.573
2008,NF,338.096,440.225,2223.249,5248.263
2008,NG,1521304.612,4328484.281,3045464.096,15380948.418
2008,NI,128332.51883,338058.02903,804388.62613,1698337.58535
2008,NL,13649834.1336,37580989.4486,105273429.313,226423193.255
2008,NO,1834135.69159,5068386.27206,13542470.8686,49545362.9903
2008,NP,46311.961,117971.928,83886.326,293806.603
2008,NR,66.814,2.517,5352.683,11184.943
2008,NU,2.945,11.778,1660.382,4431.111
2008,NZ,652231.92295,2050776.32774,6321506.98771,14500870.8444
2008,OM,395817.338,566595.146,2232197.48,9593101.438
2008,PA,1108382.26057,1863845.09344,2209298.51704,23412545.1774
2008,PE,3954230.88704,4216698.26007,3820047.56012,12638859.0442
2008,PF,6312.609,12167.739,175274.84,627591.686
2008,PG,85750.266,158433.748,567773.892,986454.923
2008,PH,2193590.377,5005674.25,5639111.485,24166092.789
2008,PK,1714714.4012,5247307.96766,8258648.89805,18184693.9478
2008,PL,2227539.29478,10130836.3049,51693036.3743,103108355.748
2008,PM,0.0,0.0,7512.745,20712.944
2008,PN,1.749,6.477,828.907,2931.403
2008,PT,4728962.12614,4456666.28647,16008689.7711,39749646.4079
2008,PW,1906.41,1048.775,4257.605,7406.675
2008,PY,888185.31191,2412425.54767,549320.2957,1709188.52979
2008,QA,494441.277,873350.597,5002539.667,14386840.259
2008,RO,1784871.00589,3767670.15168,20004706.9077,40354150.7346
2008,RU,6263660.45247,24435408.234,34691160.8252,145525954.808
2008,RW,6927.553,57898.248,168787.667,497041.77
2008,SA,3511564.104,8380518.3885,14115441.5025,55773625.5422
2008,SB,3390.051,4058.275,15905.479,63568.26
2008,SC,6745.175,8916.23,85754.234,269829.796
2008,SD,1138399.93506,1682290.83022,1121394.22851,10007824.0415
2008,SE,2882129.06019,5902187.83959,34554848.8769,77124598.0406
2008,SG,6943121.56727,24292165.3683,52172926.1674,99324641.7463
2008,SH,2.705,548.722,3646.433,19164.099
2008,SI,460830.1514,1472153.67581,6004530.96386,16912317.6648
2008,SK,1690555.39931,3873451.09302,15641781.9148,35644621.7329
2008,SL,17155.857,50471.797,43537.918,168384.239
2008,SM,826.398,3142.337,47087.033,196886.129
2008,SN,887917.21423,402143.92734,801388.14951,2431306.71944
2008,SO,10492.222,23099.138,62040.161,299121.395
2008,SR,33456.415,57652.254,274614.565,465017.576
2008,ST,485.365,774.074,16116.321,32066.827
2008,SV,645716.91975,424220.49999,1378925.51576,4601000.20216
2008,SY,1039325.9646,2310963.7886,2818289.6568,8282341.32896
2008,TC,946.797,2973.049,74178.572,132665.404
2008,TD,18850.504,58938.221,61393.121,293034.349
2008,TF,77.799,186.97,5397.747,21773.749
2008,TG,169098.4558,406607.73328,211237.46307,692292.19344
2008,TH,8134325.0254,21684338.6077,41386161.1259,76230769.885
2008,TJ,219558.801,391721.204,157580.817,630284.809
2008,TK,0.0,102.307,4195.518,93773.841
2008,TM,123063.437,630561.837,600509.671,1563539.855
2008,TN,504166.31014,2311732.1904,5067589.50045,13256483.1107
2008,TO,1380.73052,4604.34668,15105.16046,48734.39852
2008,TP,1912.035,3406.374,8714.373,31577.481
2008,TR,5686251.35072,16369342.7484,36530610.7674,99313959.9538
2008,TT,713164.4042,891461.54757,3283709.19308,3202193.58367
2008,TV,345109.73782,1028007.97882,5680241.66957,10653550.6183
2008,TW,4838098.493,18756773.87,157336135.581,94131086.887
2008,TZ,397115.72044,801694.96533,900605.42753,3234010.11233
2008,UA,3511225.412,6231436.445,15925748.532,32730797.395
2008,UG,131127.3132,436094.61124,582659.77531,1830506.67138
2008,US,126992240.318,180130112.931,421552771.916,778115084.709
2008,UY,575499.6311,1362778.00866,2205307.087,3724970.28384
2008,UZ,207673.149,931994.127,935193.064,3873454.732
2008,VC,26666.519,18966.617,38344.129,137638.303
2008,VE,1490642.617,4854326.795,5675236.044,19080106.111
2008,VG,36508.36,33307.616,236653.001,829207.357
2008,VN,4234553.07216,10911998.8285,10375264.0984,33268051.4032
2008,VU,9341.53,17506.078,27128.898,168268.346
2008,WF,164.958,937.921,7076.079,15187.916
2008,WS,10222.436,10846.308,31233.925,69992.475
2008,YE,346670.211,563188.536,614814.947,2311738.091
2008,ZA,8312470.50123,9726986.76477,16359412.1419,40007836.5177
2008,ZM,131287.8743,315018.49513,1556636.19878,2243055.04204
2008,ZR,118832.46,327701.564,589801.655,1569444.014
2008,ZW,55102.96087,209029.95667,450115.53823,1445586.5274
2009,AD,60006.853,46063.145,142559.032,358459.866
2009,AE,3449717.008,6492036.369,18068328.454,47427302.316
2009,AF,168967.682,320703.471,831916.597,2824769.815
2009,AG,200553.618,256677.849,147260.759,149109.195
2009,AI,3.295,474.748,11857.341,26279.71
2009,AL,392025.77832,728506.3314,613730.96844,1323815.75596
2009,AM,33680.89387,124130.25122,505058.64313,1660893.69331
2009,AN,9596.675,32358.638,221944.261,690395.975
2009,AO,161053.973,634287.203,2716450.853,8034907.113
2009,AR,363467.03421,1457845.93388,6519424.1512,23182303.6421
2009,AS,589.769,1524.998,6629.545,45625.549
2009,AT,2921420.93452,6314767.45881,26157711.4084,58813772.0556
2009,AU,7551221.95472,5348480.99656,23198384.6221,67932118.0571
2009,AW,9414.94623,31847.46238,207379.04179,417838.91631
2009,AZ,65255.75382,209505.91805,1469943.18647,4262557.44083
2009,BA,204243.08597,501160.39723,1518548.1326,3117746.22105
2009,BB,45964.823,794111.214,130650.868,329766.312
2009,BD,308420.417,1880014.301,2298617.444,8775201.244
2009,BE,4047193.77562,12060441.605,56406498.5683,171527193.589
2009,BF,28911.78119,79104.90842,318480.49884,754659.92808
2009,BG,520728.14178,1568017.59782,5764550.9216,9750402.65517
2009,BH,421456.5994,1016086.62979,962337.29547,4032961.69939
2009,BI,19095.277,48238.244,61003.628,151185.685
2009,BJ,94530.278,77422.801,1100528.623,1679090.516
2009,BM,670.71,4078.695,242106.537,1346719.288
2009,BN,11002.166,40707.765,269427.949,1134439.243
2009,BO,122903.1927,213233.04304,768856.13785,2528861.51862
2009,BR,7584993.83155,7815918.97276,17486997.9866,76216907.7374
2009,BS,124999.40894,408325.32403,595448.14801,1995163.07407
2009,BT,61454.39706,182240.0628,10520.70924,89235.46173
2009,BY,466520.95425,1046647.65376,9643188.03187,11036050.1116
2009,BZ,32013.875,529801.114,88833.269,250551.371
2009,CA,4617548.29884,6176707.83029,63210333.5822,150173759.594
2009,CC,3357.371,24148.059,491.442,2476.185
2009,CF,408.12,10605.261,16172.131,93329.023
2009,CG,79721.384,330702.477,448297.162,1375744.989
2009,CH,10780391.4485,8882579.86254,40896726.0619,73777763.3648
2009,CI,1512507.11497,287882.02697,824321.72578,2279586.4602
2009,CK,347.954,3983.262,14739.711,28062.711
2009,CL,511464.06769,1706025.96213,9036300.96454,18017339.1358
2009,CM,515425.778,99183.762,367026.954,1559607.275
2009,CN,42273904.1252,120123891.554,151967969.509,395796141.851
2009,CO,337347.67623,1395080.1315,4778883.89999,19134208.3288
2009,CR,73972.69678,247626.67197,1312941.2742,5218177.65075
2009,CU,59814.123,214961.082,769182.664,2354211.078
2009,CV,9303.77079,15895.83439,111803.65422,262020.7289
2009,CX,8916.287,7825.973,350.649,2672.956
2009,CY,431217.35719,401964.93494,1361107.51525,4653815.98289
2009,CZ,2703477.215,6765256.7304,18827262.5866,51415801.7061
2009,DE,21698001.3829,52090492.5172,142688750.153,394645257.308
2009,DJ,72523.92318,208649.56685,253602.88763,903668.45189
2009,DK,1206800.86256,2801483.16481,13809219.2771,33707162.1303
2009,DM,1276.6898,16826.29192,40354.94864,133605.86235
2009,DO,77650.15938,248522.61522,2028607.13855,5523860.52869
2009,DZ,1969771.62208,3619025.3801,6416705.83682,22414550.8475
2009,EC,353706.45575,778281.23354,2115956.27502,7887599.09591
2009,EE,197816.18214,398939.18696,1554821.22157,4854130.7312
2009,EG,1968354.57269,5363515.49503,8990847.05498,28233430.4907
2009,ER,8045.73,46599.088,38178.929,108337.528
2009,ES,10336673.1649,18504293.3904,46733361.4106,121505060.838
2009,ET,233914.52866,746880.71998,1093705.90888,3570902.58666
2009,FI,848239.15817,2126927.97279,14059377.1624,25777112.5289
2009,FJ,48456.69423,233473.91777,118148.28428,410884.92512
2009,FK,0.0,120.915,12803.288,13593.293
2009,FM,37.174,1393.895,9331.047,59645.611
2009,FR,14910221.4171,31899489.306,81220661.8976,254209618.941
2009,GA,23302.391,55414.464,261875.864,1047727.913
2009,GB,6746509.49959,21980779.2104,79953697.8642,217780084.304
2009,GD,284.841,684.285,25200.37,65458.202
2009,GE,24684.93329,108461.51522,562505.20887,1884500.18964
2009,GH,389974.231,366547.701,1057684.079,3698145.328
2009,GI,18005.142,14137.286,83010.641,280020.119
2009,GL,878.94272,1290.24634,106517.4984,252236.29814
2009,GM,12898.861,26507.392,132035.811,211991.284
2009,GN,11547.507,56728.846,260120.877,546685.838
2009,GQ,3374908.947,72034.959,404215.225,814377.741
2009,GR,2139814.06373,4158887.16384,12147117.5378,25374478.1362
2009,GT,189540.37572,427940.38021,1576073.98536,4932018.91898
2009,GU,749.722,4486.273,22154.774,121935.31
2009,GW,1289.45,3457.461,28487.854,73032.918
2009,GY,6497.08908,26890.5379,173157.18061,546585.81712
2009,HK,4643608.35586,17156929.9448,38219470.3279,162247685.401
2009,HN,101813.40462,275483.21688,842502.60639,3012339.20313
2009,HR,756781.28494,1955462.56795,4145754.85712,7643110.09218
2009,HT,6424.72,21236.664,253038.155,912977.154
2009,HU,1463756.69677,4325629.28676,14643531.2929,38455423.8012
2009,ID,2150810.837,3739278.065,16525463.227,47157363.862
2009,IE,388170.17937,1581349.85521,7559348.97994,31087038.7937
2009,IL,696856.66714,2125557.15349,6827846.08883,22184123.3691
2009,IN,25770438.9573,19781506.5277,86277225.0067,100727240.403
2009,IO,417.516,372.384,1906.043,5884.487
2009,IQ,476305.182,837617.194,3558139.1,7890969.693
2009,IR,837888.582,3162780.322,7173149.871,24201670.22
2009,IS,50463.81965,147740.79915,419955.14327,1939352.27667
2009,IT,6259205.9611,13859827.5641,80389842.9081,199659645.699
2009,JM,22869.60706,56585.32213,1246342.98808,1684922.62638
2009,JO,1683135.09123,1166128.73668,1871393.58993,7116401.00394
2009,JP,32627814.0868,64288514.4354,84591317.2474,188805846.731
2009,KE,369666.23822,914394.75804,1822244.44347,5045521.38819
2009,KG,10884.59144,24401.48089,407732.46344,1468010.50522
2009,KH,234156.72066,771905.27043,806053.16025,2590959.70586
2009,KI,768.606,7175.497,4732.357,13998.64
2009,KM,18744.62216,17658.3952,92373.02705,264628.3412
2009,KN,1043.99214,2282.6543,51799.57538,115402.5792
2009,KP,59384.796,59506.251,862421.428,1069112.075
2009,KR,23978370.312,31802351.0873,65152638.3234,151636902.685
2009,KW,370993.477,936237.986,1926276.681,6798440.388
2009,KY,212.025,1645.188,104339.698,1232473.426
2009,KZ,737386.68059,1336845.80878,6207484.09986,14231553.2999
2009,LA,52906.777,97262.305,360960.045,1155318.607
2009,LB,326647.8777,777176.17127,1920805.76931,6213130.84661
2009,LC,630.744,2198.961,2472898.148,104113.001
2009,LK,375467.26071,1281428.54314,1804104.13976,3840949.90104
2009,LR,314236.627,82083.285,2063445.374,3764280.277
2009,LT,453426.83434,985595.33892,5543634.56861,6507366.54631
2009,LV,181098.72871,349971.6184,1293073.63993,4430602.28772
2009,LY,534572.46,1540665.971,3159904.662,8133646.892
2009,MA,417143.728,1433992.548,3656512.935,14162163.656
2009,MD,76143.51825,179857.87416,388134.82273,1428671.74433
2009,MG,59598.97449,138299.41703,864584.47009,1500784.96356
2009,MH,35500.844,12947.983,2807069.598,7068543.842
2009,ML,16911.535,45394.046,339591.365,786633.448
2009,MM,42674.7,166881.085,1122301.931,2816225.788
2009,MN,5633.642,14606.123,243269.418,906809.954
2009,MO,57812.46924,237418.5808,496620.80252,1493555.98231
2009,MP,68.443,166.15,3346.213,9484.753
2009,MR,23193.269,42000.232,208171.398,687684.995
2009,MS,85.402,260.417,2952.083,6520.861
2009,MT,222070.06949,466511.6244,1253686.49957,3834893.88361
2009,MU,104377.10417,318938.23043,380904.29443,1658717.86078
2009,MV,33769.56989,79129.91744,129754.06274,268171.22534
2009,MW,73596.06674,239165.91436,282206.44265,878600.90008
2009,MX,1603500.85834,7189304.75993,39390486.7733,131472707.66
2009,MY,5401053.66283,12863988.018,14621426.5012,60509862.5507
2009,MZ,92761.029,161768.842,470464.227,1909123.757
2009,NC,82275.84544,175786.0815,333575.04265,915392.64466
2009,NE,31719.23938,72388.91507,262308.61201,842060.71312
2009,NF,550.624,1944.894,1044.427,4321.828
2009,NG,1299536.01792,2058818.76821,7327293.34985,21928330.1034
2009,NI,54501.37813,130564.7086,752388.44793,1649274.3497
2009,NL,5780940.16164,11979397.4183,80352803.2796,175265150.945
2009,NO,1407623.83875,3045422.78849,11109408.7575,34971896.5616
2009,NP,385000.46965,1106920.25728,243699.12499,793570.42664
2009,NR,3240.528,5028.068,567.906,5214.099
2009,NU,7762.358,274997.237,1193.56,3992.582
2009,NZ,1412238.94736,2763361.6116,3523347.02281,8452904.07295
2009,OM,414105.398,714160.626,1168242.701,6649126.716
2009,PA,251220.6013,988459.93133,5701405.12193,10695285.058
2009,PE,691901.82881,721202.04229,4838125.80728,11608606.0632
2009,PF,17871.22994,59356.64032,181946.88625,601722.76478
2009,PG,523698.685,591075.421,342877.617,918914.069
2009,PH,299977.903,1321757.373,6397871.241,25107395.259
2009,PK,2911378.26655,2939020.92432,4761675.56941,14700784.0268
2009,PL,2523876.15202,7871424.03463,35036042.3754,72832106.034
2009,PM,72.583,90.16,7287.309,36464.115
2009,PN,286.685,60.439,578.054,1381.345
2009,PT,2455523.09167,4098326.28565,11537441.4204,29324354.8865
2009,PW,9.886,157.329,1704.807,8558.08
2009,PY,25664.41387,84522.85768,1005843.33689,2936707.28156
2009,QA,757765.002,1367408.989,3149389.736,8142338.508
2009,RO,2351356.96793,4370752.91929,12052930.7491,22420305.3293
2009,RU,2697170.78062,7592504.64934,23444010.1821,79910136.7435
2009,RW,29606.93425,100451.71909,169169.08417,647520.7938
2009,SA,1980523.1376,4697857.773,12980319.7783,45302652.2361
2009,SB,8978.605,26461.807,15099.244,57027.775
2009,SC,7370.201,31148.744,72585.032,440281.933
2009,SD,480080.96111,1458793.97068,1555378.23092,4748551.36915
2009,SE,1831836.1038,4315110.48625,22357873.1637,52151337.4673
2009,SG,12545544.4578,12105708.139,28346022.7084,86255316.1709
2009,SH,0.0,22.896,11151.267,19002.346
2009,SI,942916.64128,2085368.93867,3482967.03038,10191765.8552
2009,SK,1405987.74347,3324194.01726,10524956.3067,24785610.8276
2009,SL,11023.171,27076.185,57926.577,217054.911
2009,SM,1177.634,379.507,58509.297,113537.786
2009,SN,473593.24958,243219.11494,601680.45318,1905139.28665
2009,SO,12032.735,108773.72,15229.611,110465.313
2009,SR,9625.032,54726.068,223144.036,499015.225
2009,ST,25.081,1031.393,11306.958,31858.151
2009,SV,63467.96186,141336.30018,1411816.88221,3143500.62734
2009,SY,705837.53939,1286469.92823,2832077.3729,9396432.56525
2009,TC,286.923,968.273,39713.829,61310.984
2009,TD,32570.868,31697.126,95228.513,439626.965
2009,TF,149.509,702.235,5679.718,13759.247
2009,TG,45398.24549,152645.58929,624427.87292,1049232.19209
2009,TH,9224784.16757,9772297.41306,29937612.3188,59958821.9092
2009,TJ,3673.984,11667.233,281004.466,880737.045
2009,TK,34.926,168.758,16257.116,73264.714
2009,TM,28305.236,163373.506,1198456.286,2746523.953
2009,TN,835533.498,2371790.62321,2957890.49259,10249019.7511
2009,TO,1138.2275,8596.46122,15815.12655,41402.50839
2009,TP,2910.94,16077.826,15120.647,32066.024
2009,TR,4408931.71386,9690223.01123,26869076.1111,65562614.7897
2009,TT,98913.89508,371393.59842,2639349.67133,2671769.82316
2009,TV,351428.59219,893054.10114,3401680.1324,6037048.40851
2009,TW,100564089.787,13829318.66,16710803.316,72636686.128
2009,TZ,271097.95571,786067.12894,729550.67503,2867640.41187
2009,UA,1177468.586,2178196.619,8602380.493,15152693.81
2009,UG,297889.04289,497146.07315,456197.33039,1590337.42052
2009,US,53731085.9077,46053748.5773,320389491.02,636415375.065
2009,UY,50964.31531,183045.83809,1650562.76095,3469088.2529
2009,UZ,42272.172,151560.395,1238982.342,4873009.656
2009,VC,6159.11413,8390.40893,58919.38883,236035.52144
2009,VE,300053.982,896169.036,5176896.806,15982744.279
2009,VG,8723.853,121244.829,398822.553,1267536.229
2009,VN,2779743.43396,6685928.84717,11532167.4473,33103015.9026
2009,VU,36329.461,13812.487,25080.11,99058.628
2009,WF,207.4,2394.975,3071.648,5455.068
2009,WS,4193.45442,12459.83603,35504.25672,68697.05506
2009,YE,250510.89285,688224.00221,1032663.04826,4200100.0696
2009,ZA,6024791.30354,4654896.97342,13444234.7011,30437221.8591
2009,ZM,45652.90245,160472.52908,1064245.29941,2066404.16833
2009,ZR,112404.425,330274.682,409973.362,1146388.385
2009,ZW,20830.36699,117564.51479,435360.5358,1738716.02004
2010,AD,164453.08,21558.427,98341.535,347507.274
2010,AE,7650438.403,23302169.437,10028823.371,42055770.603
2010,AF,379220.892,1133120.526,396930.791,2415591.522
2010,AG,206895.344,471944.571,23103.203,197554.07
2010,AI,409.248,1075.694,5160.938,16461.435
2010,AL,80766.76276,270153.93864,755962.60511,1604624.37826
2010,AM,352050.6676,663396.84378,424269.64761,1109857.27994
2010,AN,172890.493,132737.851,260099.001,580488.343
2010,AO,739127.823,2227154.008,1450134.585,5391672.938
2010,AR,4217437.43475,21734151.3973,3760106.31587,16614193.1348
2010,AS,209.832,6208.562,15524.548,17744.997
2010,AT,3457820.86637,9367362.25287,26201418.0635,68474413.9229
2010,AU,12520637.0194,40778468.2527,23216285.1525,52655278.3787
2010,AW,11623.82803,65430.09476,165055.34334,329703.19991
2010,AZ,490478.50132,1550419.70048,1173216.14701,4031361.22162
2010,BA,722844.82615,599435.71611,1237490.86063,3393617.41543
2010,BB,289300.849,652220.733,95350.94,305802.403
2010,BD,2520579.978,10230677.491,1385635.518,5947152.997
2010,BE,7250330.80055,33529754.2929,71037093.4014,164984479.34
2010,BF,87699.68741,242198.3201,230450.31759,722715.81324
2010,BG,3893882.80278,1996512.58808,3949640.67641,9678252.5119
2010,BH,532486.12514,2749644.43219,850823.62287,4256222.05804
2010,BI,38880.17379,147278.49903,39871.93759,193144.08095
2010,BJ,609897.286,1240286.892,115151.47,1549185.725
2010,BM,8531.31775,199301.82686,88725.47146,3345629.22186
2010,BN,82305.252,329434.75,247852.715,995870.266
2010,BO,806294.20513,2099019.59664,287225.9408,1168962.59806
2010,BR,15044647.2606,44558678.7857,18657795.0731,74198183.3884
2010,BS,74428.61322,547419.45259,242394.34134,1565524.24808
2010,BT,112776.09574,341382.35286,10145.31697,134894.07145
2010,BY,11355324.964,6782513.57568,2799565.7369,7005577.19053
2010,BZ,27544.57035,41091.9472,94018.88858,262477.07438
2010,CA,14193251.1136,36274515.0361,61139372.7762,168465348.451
2010,CC,6.687,676.96,2562.482,5158.103
2010,CF,13457.21199,59278.60087,21871.90786,100804.97913
2010,CG,132360.035,410484.293,286101.459,1188041.245
2010,CH,13855213.0854,12187705.8393,44780203.6383,82168243.0471
2010,CI,1788031.49172,1412562.93222,580556.05038,2020571.7094
2010,CK,767.886,1974.401,6100.453,24254.708
2010,CL,5690553.87864,12529908.5694,5597561.81802,16101444.1415
2010,CM,681180.456,460669.211,308083.355,1352161.334
2010,CN,63928867.6008,251040479.765,195338264.459,560285482.045
2010,CO,2088140.35386,8609212.38875,4019505.68333,16748089.3083
2010,CR,598196.68835,1761967.57159,1699997.91834,5757834.38421
2010,CU,296813.225,1104613.315,578274.647,1880706.312
2010,CV,8843.75867,58993.01657,86744.61743,294900.97653
2010,CX,98.824,496.236,9805.012,15777.76
2010,CY,252335.80679,1358223.75693,1086370.11207,4012632.29399
2010,CZ,10335774.9764,23632042.9762,15259110.4046,50911085.5671
2010,DE,43469711.5029,134766637.037,141352078.631,414087255.033
2010,DJ,157921.68,511200.719,79739.428,432744.092
2010,DK,1762898.27827,5851255.75444,11990935.7159,32494910.4075
2010,DM,7656.29857,47273.52737,32034.2251,115544.62794
2010,DO,584577.66769,1828046.38583,2581168.92467,5493076.29086
2010,DZ,2230301.66008,6938931.20135,7070194.19146,19723158.2706
2010,EC,1348235.38046,4729917.06406,1498503.41843,7384396.35512
2010,EE,686179.27219,1534363.40339,1615157.25282,5029310.7507
2010,EG,2214200.77565,11595166.8766,8861471.03634,28183213.7934
2010,ER,49494.774,50447.476,18234.505,115125.459
2010,ES,14532285.2293,28889910.4884,57335053.8542,118083602.012
2010,ET,555250.52559,2107549.84045,612571.16489,2345575.53517
2010,FI,9076707.66559,8666939.54986,7274942.11567,26631900.5085
2010,FJ,60731.63356,148623.17024,173845.13982,503270.31333
2010,FK,16.171,162.296,19575.522,39810.159
2010,FM,3061.214,12584.642,7318.613,13480.792
2010,FR,17012445.5527,48363041.8573,101751222.267,257864704.63
2010,GA,65212.137,231522.169,264191.303,1164343.204
2010,GB,15835769.4881,62144509.1267,87883362.5778,223716340.623
2010,GD,2929.761,9811.898,15424.384,61874.055
2010,GE,145420.95541,483093.13153,720668.27955,1776989.70464
2010,GH,1053648.53681,1466617.30047,984720.33034,4179011.31858
2010,GI,2585.426,121532.917,119729.272,299887.914
2010,GL,2817.99183,13749.19858,116545.35164,311989.92933
2010,GM,40843.16728,189264.75069,45896.61332,197803.46749
2010,GN,101260.652,221715.123,135413.263,475233.209
2010,GQ,2807740.978,304581.798,227867.271,1010745.597
2010,GR,4813898.06521,4468783.74896,12884616.4359,19894794.6949
2010,GT,459576.24512,1709286.52654,1630072.76817,4899359.69459
2010,GU,4524.597,76639.418,21513.259,52440.943
2010,GW,2593.606,7958.499,15908.906,70126.588
2010,GY,35822.44702,248464.46759,123237.36924,597944.46192
2010,HK,22454750.3905,171420686.406,17080434.7197,84066747.4707
2010,HN,155416.30046,608347.36229,894496.79879,3438264.055
2010,HR,1818676.33051,1543195.26109,3469637.84585,7412173.67676
2010,HT,75771.007,262233.857,300519.223,1071844.034
2010,HU,7208718.43689,13315133.9832,9603651.57834,38222791.4751
2010,ID,9344910.68977,38036858.2654,17449500.786,42780181.6186
2010,IE,674829.44943,3460009.16477,9013074.97456,26524112.4811
2010,IL,1462408.48239,6495130.66216,8070422.18762,22228259.2237
2010,IN,27550316.5539,58964409.4698,123631846.04,95657987.4249
2010,IO,10.894,24.114,155.37,1575.388
2010,IQ,763135.768,2955913.276,2494564.673,8122961.15
2010,IR,4430271.701,13940564.47,4497673.653,17982243.621
2010,IS,121754.22989,580852.59251,889553.42552,1933480.33001
2010,IT,28007890.4643,47682124.6779,102273125.907,188357886.795
2010,JM,87406.5,423280.60718,1018953.86859,1573003.54917
2010,JO,524992.57267,2024077.83997,4025072.09076,6110364.57613
2010,JP,43357308.4769,123684027.876,146605059.391,171054180.396
2010,KE,970296.46881,3272730.26402,1769952.38434,3642625.58656
2010,KG,550612.07387,790637.79445,195012.29061,652196.22304
2010,KH,535827.06387,2138727.61577,2220084.62742,2437336.80759
2010,KI,6778.408,24233.595,2984.529,13824.148
2010,KM,6502.263,37225.752,46299.958,236774.329
2010,KN,5301.38543,15989.83064,36469.53618,144635.3335
2010,KP,770119.44,1565441.662,122291.025,141157.791
2010,KR,41450351.6422,119027528.787,85282443.8797,116524681.54
2010,KW,705116.947,3500218.649,1685374.52,6657014.537
2010,KY,281702.526,291231.44,71524.334,2556090.499
2010,KZ,3464858.63833,5069111.10751,2432558.32223,8099603.75123
2010,LA,373578.303,1141310.446,71260.14,354472.775
2010,LB,447972.69716,1882420.05903,2420615.82158,5478646.95847
2010,LC,2781957.908,26653.052,86157.059,93559.757
2010,LK,895855.79537,3432831.77067,1647126.05163,3748773.58004
2010,LR,185053.339,2463031.84,118680.343,6115499.03
2010,LT,6472920.18119,1902506.54611,1982445.14759,6775536.61262
2010,LV,950893.52126,984531.71942,1165229.82979,3997091.51266
2010,LY,503298.725,2032638.226,2332408.567,8703381.941
2010,MA,690524.927,2901404.438,3381534.623,15089056.319
2010,MD,413929.23362,430725.01927,422408.33103,1203489.06985
2010,MG,137766.51059,461579.9458,247192.06378,958743.43488
2010,MH,51839.503,999697.876,11993.372,5298232.221
2010,ML,129490.96133,429305.83106,378221.35973,1295923.91292
2010,MM,1288420.32586,3454232.12891,474945.12293,1381112.93047
2010,MN,364911.403,1006528.187,76364.283,467052.106
2010,MO,283300.73252,1007291.99566,103431.90878,928722.3191
2010,MP,480.147,6808.171,2088.585,3504.216
2010,MR,60749.81,207653.436,135810.071,741863.216
2010,MS,67.196,409.857,922.395,4342.385
2010,MT,89103.81591,780933.3668,597665.58954,4384882.19611
2010,MU,315553.90836,1021288.65966,247346.78198,1179422.60725
2010,MV,41623.53823,112985.28917,88468.64743,314880.96119
2010,MW,253445.67194,615716.14139,216444.69928,560005.77522
2010,MX,7618064.62791,51761427.2698,32701424.1561,136003535.4
2010,MY,10513294.2742,48417050.0485,16084999.442,50251118.2672
2010,MZ,520941.879,1554213.577,154208.214,870465.204
2010,NC,93204.75669,315723.26487,313918.99022,1115106.06504
2010,NE,296617.85176,598424.24764,110499.26592,571513.93206
2010,NF,2.697,11246.256,3364.678,5087.274
2010,NG,2443267.22211,8770768.56523,5055826.74796,17456590.8736
2010,NI,135764.66464,612467.04401,872221.43408,1550906.08816
2010,NL,42182449.3027,65761185.7813,73186242.6307,154585118.7
2010,NO,1991009.60481,8378560.28173,8941043.95776,38117758.2539
2010,NP,696972.55724,1907461.37958,171179.1194,595996.52224
2010,NR,1722.05,1609.63,4029.696,3398.543
2010,NU,8931.776,7759.615,528.514,2990.627
2010,NZ,1340435.69432,4592129.36985,4674504.23015,8829788.13366
2010,OM,662286.233,4570414.38,625447.869,4736457.535
2010,PA,1547502.18051,6303439.53852,3003731.54903,11183290.9979
2010,PE,3065646.94004,8225218.11569,3896740.48957,9304733.10099
2010,PF,32915.97109,140908.80634,158425.73804,510865.94892
2010,PG,169366.909,596649.992,722118.435,1555677.343
2010,PH,4695580.46,20405008.253,3735770.315,19054948.013
2010,PK,2281662.03216,8086269.94933,6967856.27588,11250098.4313
2010,PL,14971487.3989,19422942.7055,24849104.5634,83647396.5493
2010,PM,6.434,51.682,7298.658,23981.254
2010,PN,6.856,181.919,408.283,1134.697
2010,PT,3227639.74095,3802568.20941,15495212.4486,33721874.5985
2010,PW,846.859,7901.379,821.188,4664.111
2010,PY,1081202.44565,3804754.46482,215877.32082,1070963.573
2010,QA,348948.689,2095311.619,1217323.328,7162329.082
2010,RO,3511168.89326,5553013.61335,10360778.649,28814619.8929
2010,RU,7078286.15523,34978672.6731,21414439.2713,94093502.2526
2010,RW,56450.55,254251.778,48451.154,281190.016
2010,SA,5263793.1023,17969774.1492,12185515.6406,46694150.6622
2010,SB,7708.484,28504.887,25191.254,77976.176
2010,SC,24816.128,66225.858,47759.967,158835.94
2010,SD,949582.53089,2375328.82403,1385710.42346,4887563.71955
2010,SE,6174984.21966,11373903.083,23292640.3241,63186490.5151
2010,SG,11737107.0496,52365107.6521,37316416.7693,69439678.7355
2010,SH,1160.455,2773.295,11692.551,7985.362
2010,SI,803311.54963,2289730.51168,4113653.14993,11797405.4875
2010,SK,6462528.05974,5391724.14066,8246954.00833,29510399.3554
2010,SL,38264.677,108234.66,61235.178,272310.708
2010,SM,7530.756,14364.887,41528.597,113626.765
2010,SN,608248.32461,747866.60393,450838.30366,1537872.19076
2010,SO,44244.82,193256.82,2948.267,77498.113
2010,SR,108642.58291,169810.02074,159583.25642,582542.5262
2010,ST,489.221,1420.118,10674.827,37120.615
2010,SV,276792.15769,957460.03444,1363458.9214,3106950.61372
2010,SY,810573.74659,3144703.96605,3029768.4477,7595773.45279
2010,TC,384.018,2845.182,19545.441,46626.787
2010,TD,87240.654,269252.405,90446.244,342865.713
2010,TF,686.687,1864.259,3276.116,15575.178
2010,TG,259946.67923,571673.9118,217815.51371,882333.02233
2010,TH,15703944.1061,53217015.3913,36339546.2285,43860855.1154
2010,TJ,262939.436,558130.889,59533.364,393015.524
2010,TK,147.659,2437.827,12208.825,20796.331
2010,TM,384342.756,679113.551,648755.33,1605567.5
2010,TN,508833.61383,2226786.564,4138838.62165,11918261.8582
2010,TO,3655.13202,12383.92291,15109.61131,51076.02718
2010,TP,34936.628,143666.33,7966.714,40718.378
2010,TR,8559124.19945,26529145.0505,30019400.6242,80731927.8903
2010,TT,660467.64227,1155724.54663,1318282.11936,2351446.48532
2010,TV,1956157.98404,1476679.35955,2640751.44927,5463588.17893
2010,TW,18016620.591,67334105.498,142672054.942,74035864.723
2010,TZ,803433.97641,2056255.3339,496956.56288,1952101.49609
2010,UA,7001055.325,10762401.725,4499231.185,13140242.703
2010,UG,404560.58055,1319348.76299,292710.20456,1008368.95258
2010,US,121466690.463,324090088.331,324203651.138,561590772.602
2010,UY,1216948.27045,2490127.21791,1040001.20032,1944178.95904
2010,UZ,750018.677,1829870.816,671421.747,3239683.928
2010,VC,18664.04119,35637.75338,39771.41375,175661.10829
2010,VE,1788485.584,6639636.306,3178376.331,12384366.231
2010,VG,104525.792,250069.299,452049.42,2105633.788
2010,VN,9027967.58594,26211369.537,9339317.48766,24187110.4752
2010,VU,3706.238,135550.563,14792.8,596391.341
2010,WF,233.096,294.04,8248.236,11484.36
2010,WS,15717.6952,72059.52995,33820.21954,98898.45444
2010,YE,498854.2541,1657842.96296,823205.76373,3292438.09733
2010,ZA,5779817.19182,15161999.5076,18107526.8581,34718847.1674
2010,ZM,537501.28037,1517842.40641,843887.64292,1921209.63506
2010,ZR,510423.29,902269.42,283392.552,957160.018
2010,ZW,474558.75006,1874082.34139,169920.67223,1416909.31658
2011,531,231824.64,150403.626,618849.721,665255.189
2011,534,0.0,0.0,20856.88,57871.073
2011,535,0.0,0.0,37.394,303.27
2011,AD,3295.512,15070.829,110512.198,332432.441
2011,AE,6883683.49,20017162.565,21620551.574,58823728.744
2011,AF,521172.983,1397726.321,829546.523,3510727.074
2011,AG,1356828.242,120326.716,29492.999,747218.78
2011,AI,15.595,1050.294,9261.056,22758.75
2011,AL,121424.7513,145072.92072,798927.74314,2029054.61288
2011,AM,94598.87925,262442.12589,798580.86349,1738396.41863
2011,AO,356847.918,751648.411,2328112.989,6646323.266
2011,AR,5226600.36736,19116192.7564,6707442.13222,27928937.4829
2011,AS,3694.064,29726.869,4833.97,35700.165
2011,AT,2038146.00432,4213237.34114,38284198.9367,87194265.302
2011,AU,9635112.98972,27933082.9721,39241689.6385,87403889.6591
2011,AW,1543737.08809,50258.50916,146567.70443,385699.99736
2011,AZ,586575.76347,1290628.45297,1518807.62865,6642273.19582
2011,BA,83451.0514,456238.73021,2485203.407,4354895.94888
2011,BB,2155922.407,914855.872,109106.55,462518.982
2011,BD,1305464.488,6527152.808,2520369.252,13948845.164
2011,BE,4604622.21597,18537202.7145,93181818.1244,215945639.69
2011,BF,80937.30169,223905.24749,301064.24484,943894.80809
2011,BG,716106.53146,1194178.88911,11172325.8913,11980740.8622
2011,BH,236382.11188,1918188.71289,8235440.789,4891303.36752
2011,BI,7568.426,19790.234,56234.436,210986.312
2011,BJ,187820.63,213213.612,509862.329,3332055.797
2011,BM,385712.20975,1655412.80014,84295.25137,1153483.00525
2011,BN,63887.353,814478.915,333312.909,1208287.374
2011,BO,662069.01542,1408589.93169,937844.67512,3190450.26082
2011,BR,12387802.7759,21428188.9685,34132270.2797,121264910.92
2011,BS,357476.34164,2413510.24123,580650.13331,1727075.21769
2011,BT,107826.62506,421741.57942,41520.35693,139288.27065
2011,BY,161450.72749,813886.87934,18838727.465,14528813.1279
2011,BZ,2698101.43798,169563.77906,109482.432,342117.62156
2011,CA,6887916.58307,20199747.21,83486388.176,211848550.544
2011,CC,0.0,97.221,2362.614,8613.351
2011,CF,7625.78025,44388.46908,34054.79504,146453.65736
2011,CG,149148.152,385223.86,424062.627,1743809.829
2011,CH,1904041.12869,13287378.6573,38349820.1178,131714850.147
2011,CI,1891252.31867,544122.73048,606630.33478,2071431.10646
2011,CK,8533.475,25575.089,2447.018,7878.736
2011,CL,5313321.40683,7475438.50049,10732286.4583,27901249.0175
2011,CM,468394.087,328860.727,536495.815,2165009.883
2011,CN,69114188.5034,331718588.08,315419010.905,604623553.438
2011,CO,1149358.90483,5060862.38737,6461247.9444,28612486.8837
2011,CR,408407.81442,1167019.09784,2359443.86143,8513043.72593
2011,CU,109370.55,425222.191,982898.64,3008521.929
2011,CV,11198.82678,39173.18788,167753.74105,337649.98634
2011,CX,2312.383,3293.796,11490.281,16981.709
2011,CY,159115.23777,1455562.65672,1113618.9939,4789104.54925
2011,CZ,1225147.59528,6624914.92302,35142892.6784,78554472.0975
2011,DE,15088330.4002,61556173.0767,230033269.133,571125658.721
2011,DJ,143769.321,312343.039,198919.571,992883.446
2011,DK,382606.00263,2089874.2155,18541163.7799,41902928.6311
2011,DM,2615.15,12359.863,36214.841,85220.883
2011,DO,374231.02254,941952.94129,3264426.97444,7179839.61958
2011,DZ,4859373.49431,5276598.74842,8540167.20221,25267256.576
2011,EC,955257.92436,3448932.34058,4051934.19078,8897247.06831
2011,EE,112661.49095,741553.14763,3234508.82223,8365339.97054
2011,EG,2521988.52838,7048073.92755,10225018.2097,37228770.2849
2011,ER,2974.477,11396.835,50137.792,266073.972
2011,ES,11193369.5403,15198579.3458,81156001.6869,145057530.19
2011,ET,472531.63016,1048340.02369,952737.21509,3566199.58433
2011,FI,345821.16599,2178953.98268,23763598.1024,35779462.5738
2011,FJ,89253.76284,240326.45868,168479.82304,596353.59551
2011,FK,42.89,213.7,19908.261,64014.272
2011,FM,4762.074,11032.409,2996.559,13849.193
2011,FR,10735213.1973,27473280.5844,143042982.97,328022225.273
2011,GA,33658.212,268110.309,427418.349,1460634.444
2011,GB,10410009.3473,34440140.8921,118219947.323,295849445.961
2011,GD,1327.374,10727.874,14380.628,61291.299
2011,GE,381448.63359,1040641.60064,927864.37589,2329263.94073
2011,GH,390673.76683,1262864.98349,2103003.77004,6366256.85537
2011,GI,184.73,66737.952,214741.329,329198.777
2011,GL,3026.60645,3747.35969,133908.48551,319963.3102
2011,GM,19097.08414,104708.39302,60507.86253,472962.3348
2011,GN,59175.75,136823.121,320869.563,945654.592
2011,GQ,1054345.919,75489.31,424203.306,986023.066
2011,GR,775961.29045,2804395.35835,16375624.9016,19506189.3221
2011,GT,279223.78322,1095697.09159,2352398.15071,6555990.50016
2011,GU,14308.766,90386.462,6103.972,29022.528
2011,GW,1495.589,3659.698,36825.573,97183.297
2011,GY,18245.13307,169472.11355,172922.65267,806207.21393
2011,HK,9187834.36922,66219867.3917,45451396.6417,241738043.85
2011,HN,107837.84567,507749.28677,1223358.70093,4806028.96409
2011,HR,152774.252,837451.93773,5349807.84589,8798459.83211
2011,HT,31015.861,189899.494,460837.245,1306382.782
2011,HU,684249.10288,4336904.57799,23180931.4755,51096365.469
2011,ID,12014969.9429,30430245.471,26199770.385,66086040.008
2011,IE,971037.65629,2195690.80678,10466877.4076,29465118.4499
2011,IL,1368457.92499,6755787.50157,8655797.32844,30162785.4076
2011,IN,23128002.2481,23641837.0961,140249296.795,212188680.293
2011,IO,4.456,0.0,10738.096,2941.446
2011,IQ,2242837.121,4802072.957,3103510.711,9669138.074
2011,IR,3632228.13787,10949935.2869,14518324.5254,39392627.9821
2011,IS,38237.00512,393494.65295,1935550.5588,2220817.88328
2011,IT,10078447.0366,22083642.8598,145887779.346,245320504.382
2011,JM,62527.82844,477755.1317,1450711.2045,1766957.54365
2011,JO,471196.20332,1710849.03807,4655371.24173,7668678.63082
2011,JP,16395377.04,47628134.8203,201503823.869,340012877.157
2011,KE,687302.713,1857546.472,1600083.531,4588974.48
2011,KG,55380.89951,261880.71214,568523.20445,2289272.71468
2011,KH,420422.20247,1889300.39328,1081057.35864,4723690.95492
2011,KI,4726.674,49129.694,4085.19,33946.986
2011,KM,9854.345,20287.191,62311.499,181438.499
2011,KN,762.91619,11532.46095,669007.13819,124917.00148
2011,KP,40206.206,156776.714,1120814.275,1733383.215
2011,KR,16450014.8908,64159961.7525,142638664.721,220891187.15
2011,KW,531660.824,3412417.738,1542397.504,8085712.316
2011,KY,279160.134,1077574.721,54568.962,290018.387
2011,KZ,477297.1392,1778709.60217,8535023.28301,18820922.9441
2011,LA,389987.462,1333883.23,241078.352,658529.369
2011,LB,379574.32049,1301998.0328,1944210.92692,8983654.7024
2011,LC,2941730.804,20501.459,76789.202,91980.14
2011,LK,809499.77125,4113125.86873,2866556.78391,7236101.7243
2011,LR,36405.724,10864884.731,414136.473,5297920.5
2011,LT,155946.99474,335980.03208,11987202.0385,11461997.7008
2011,LV,82598.93659,330755.49235,4143239.29091,6673896.84177
2011,LY,169794.565,497367.553,576653.598,2170405.456
2011,MA,425512.346,2198678.841,4834723.067,20247608.339
2011,MD,75102.27394,215066.13603,763228.61095,2035953.63184
2011,MG,71323.16364,226383.7369,304217.42527,1206230.85741
2011,MH,3206.79,9021928.519,79024.255,2442518.486
2011,ML,47962.6016,157728.72664,393210.15258,1577536.99624
2011,MM,624505.981,2324819.427,1620421.495,4343825.138
2011,MN,82483.475,527691.608,855480.137,2407530.497
2011,MO,21430.673,173721.997,738132.583,1926213.853
2011,MP,1480.931,6795.849,1488.006,10132.432
2011,MR,75476.79019,134319.73034,410180.87705,1568150.23646
2011,MS,223.6167,1058.83172,3940.2124,11120.0579
2011,MT,82516.51938,3243371.95302,553498.67461,4034394.57292
2011,MU,97542.76222,466110.24427,572919.57661,1840345.27962
2011,MV,59447.61619,143582.74254,169061.73369,368969.15827
2011,MW,45181.00211,296365.08655,357728.45227,1154256.17616
2011,MX,5126047.15835,29726818.2407,52135975.7273,175552364.664
2011,MY,7830765.06843,33304051.165,26996124.9376,81139911.6636
2011,MZ,142121.973,429859.214,870560.841,3041875.922
2011,NC,59419.13113,281147.82154,412265.62884,1115953.3126
2011,NE,32479.91163,165734.08,189008.29314,864312.91033
2011,NF,921.782,4731.268,993.409,3858.208
2011,NG,1313555.6446,7702191.42731,5822474.04875,25740461.1991
2011,NI,106210.31126,481612.65783,1195964.29943,2229685.3769
2011,NL,10192513.1865,32910288.6629,132563044.118,227845232.306
2011,NO,899511.74211,5329965.90187,14319238.7246,47800218.0157
2011,NP,788254.07178,1597873.78182,543174.99931,906506.0862
2011,NR,71.329,462.154,2650.833,7633.002
2011,NU,3595.15,87231.694,415.097,888.604
2011,NZ,630677.41203,3089516.05452,7548306.69629,13618545.6989
2011,OM,606625.097,5096820.553,1901457.386,5028919.116
2011,PA,1832383.85239,18731083.6779,3240493.37398,15102296.7996
2011,PE,2119870.41715,5060079.74436,7642377.48301,15819340.2121
2011,PF,30101.14112,112730.13697,147565.00729,506355.30877
2011,PG,194159.59024,683591.58024,1393786.00944,2895098.97372
2011,PH,3419415.399,16470769.038,8781290.594,27108475.134
2011,PK,1565541.54109,3959292.72899,10169139.7523,17365781.5841
2011,PL,1448765.44987,10218950.1867,55622026.0595,106211511.533
2011,PM,0.0,500.425,7396.097,23061.455
2011,PN,68.081,215.099,536.443,2543.985
2011,PT,3123537.62086,3412107.381,18715763.0481,34134628.1951
2011,PW,1069.976,5200.968,2080.324,3947.971
2011,PY,825486.64198,2138890.99744,1256162.47584,3411759.72409
2011,QA,516205.207,1773759.643,2358350.504,7018000.182
2011,RO,838198.78174,3425841.57762,18569954.772,37493183.2866
2011,RU,4053261.79624,29398434.5547,42061461.3229,145747419.508
2011,RW,26298.78443,106357.55351,244505.07986,723072.56838
2011,SA,5086634.665,16867355.161,16817836.871,60396430.988
2011,SB,11716.61,26093.85,38449.8,118361.769
2011,SC,26151.088,34813.733,75462.8,173919.574
2011,SD,328150.28588,1210926.85551,1687083.04823,6022941.59909
2011,SE,1225772.11336,4702900.18409,40087277.6353,80182834.4337
2011,SG,8089287.285,37661687.4277,62651767.2798,102754490.909
2011,SH,36.63,179.042,6511.136,16810.398
2011,SI,321359.07938,1370845.68682,5768949.17377,14380096.9065
2011,SK,1180747.49166,4717166.38664,20892599.2026,33404463.0752
2011,SL,32574.947,113476.659,203521.084,629589.253
2011,SM,2077.31,1114.589,55295.546,156065.119
2011,SN,696138.18882,413137.17646,767539.04385,2579251.66249
2011,SO,2954.794,60212.311,16647.992,176935.346
2011,SR,19784.86857,130629.99428,226588.49373,736916.54592
2011,ST,1387.91618,9630.31901,16772.40413,57636.8035
2011,SV,235023.15989,759655.52397,1678486.79623,4265559.85652
2011,SY,528997.676,2348117.443,1624349.266,7055092.68
2011,TC,41.344,2910.3735,25793.52592,58157.82095
2011,TD,6387.601,37715.338,90062.913,380808.512
2011,TF,19.032,120.304,11413.438,17995.231
2011,TG,123404.29898,433793.72192,349507.28888,1520551.38172
2011,TH,15094915.8975,40230637.5826,50589402.0561,85512868.5633
2011,TJ,32844.735,74078.192,363161.454,1363222.928
2011,TK,359.243,14660.655,4869.205,6289.016
2011,TM,650083.343,1098461.733,767928.544,2648020.798
2011,TN,527449.09227,1478567.12425,4626388.94943,13379889.5444
2011,TO,12488.6918,34297.84481,9014.32505,32648.2888
2011,TP,2811.6,26453.837,68565.95,299073.297
2011,TR,3558995.85344,13793278.3747,36123076.8205,121553522.347
2011,TT,1469137.445,556300.949,1105037.96,1871053.457
2011,TV,218528.14187,640095.14197,5860945.25086,7922050.65828
2011,TW,14690015.554,53170087.088,235355874.379,118228635.427
2011,TZ,347444.93635,1118985.36717,1205952.25934,4431784.31213
2011,UA,823178.65969,3355188.68054,28774016.4096,30590711.6682
2011,UG,216333.82402,654656.20608,621552.87295,2097258.30557
2011,US,91452898.7353,186044723.943,485404188.282,790044861.82
2011,UY,721438.03448,1208877.37578,2069586.36914,3983855.48525
2011,UZ,956571.996,1290909.354,1681607.256,4157636.13
2011,VC,3006.19507,16187.13618,55917.68204,205817.64753
2011,VE,1826792.734,4148219.354,7304995.511,17856652.21
2011,VG,5170.446,795296.2,494725.399,1323908.491
2011,VN,7499858.75355,21753455.9938,13786709.6778,42130100.9094
2011,VU,4421.355,44748.459,69032.582,157669.708
2011,WF,321.221,1546.419,4270.062,12064.238
2011,WS,51251.15882,96437.3026,28691.11878,67538.87204
2011,YE,355919.9714,848338.30487,746519.55742,4231326.09782
2011,ZA,8131400.14643,8879308.29658,24065088.1488,49249647.8463
2011,ZM,81633.52,348499.94427,2566615.13497,3426695.59247
2011,ZR,18816.044,112818.324,1036465.824,2383313.121
2011,ZW,42711.63612,246134.81589,835690.75299,3231425.01822
2012,531,2386.918,6862.508,724414.066,538053.678
2012,534,0.0,0.0,27845.893,95481.921
2012,535,0.0,0.0,4.89,946.808
2012,728,1745.954,11528.806,16788.204,57689.272
2012,729,166506.7714,804917.60698,1646368.1269,4244173.54097
2012,AD,66446.31571,12147.6651,102671.33747,302406.81284
2012,AE,2790297.486,7310205.005,27517144.576,79521933.817
2012,AF,719337.483,980220.871,430615.689,2302379.436
2012,AG,337692.754,189961.077,70312.803,160834.411
2012,AI,0.0,1912.087,6931.15,14085.129
2012,AL,34940.67926,183219.87889,688857.24148,1763009.77365
2012,AM,582254.13693,562707.93136,361769.0579,1398343.33038
2012,AO,133412.307,246235.126,3250941.81,8853889.894
2012,AR,367295.46963,1070184.44628,10406305.2418,44291889.9213
2012,AS,43.755,20.593,23997.541,20870.068
2012,AT,3512956.07304,3294002.19349,31236694.4803,84144554.6842
2012,AU,3655538.76333,2634555.19983,46263617.2542,120979599.997
2012,AW,604.76254,1319.98483,183364.7242,370611.70892
2012,AZ,565095.96511,1791660.17344,1755674.46886,6535896.81551
2012,BA,875845.22165,292788.713,1396714.01011,4000799.59719
2012,BB,170683.339,2686144.129,123768.289,379514.342
2012,BD,1011043.172,4307566.946,3295707.842,15024198.173
2012,BE,3395668.40066,10503700.4071,85996499.2314,212682215.305
2012,BF,23000.944,54182.956,377230.575,1049441.259
2012,BG,6578522.21164,2162094.71381,6481773.76997,11372829.8216
2012,BH,70988.65655,514255.2662,1648365.00732,6106352.03029
2012,BI,3907.278,16286.017,82451.829,192079.409
2012,BJ,89575.592,104017.601,653888.207,2591642.122
2012,BM,15061.2673,16111.5943,307186.39614,1542164.15577
2012,BN,2278.24601,22834.92605,1830987.66603,1561914.31032
2012,BO,152519.33732,319238.98349,1138577.78317,4731830.30963
2012,BR,10027731.9802,5673041.49707,35257079.4532,132912925.235
2012,BS,175005.7787,501423.06073,1433858.21162,1609215.56856
2012,BT,141451.69205,299980.93749,54861.7349,159295.85217
2012,BY,14682509.7616,6964171.16787,2285205.94428,9356770.05087
2012,BZ,22492.88951,27666.44118,142310.89114,333615.03636
2012,CA,5809600.61778,3546735.14802,87877452.3603,238322798.756
2012,CC,0.0,522.73,3364.518,10240.34
2012,CF,2653.89224,12675.54609,35291.57308,126093.7905
2012,CG,49232.819,103822.698,684769.766,1834666.777
2012,CH,10192376.2744,3065044.85781,119626922.509,98461906.2779
2012,CI,2277839.58135,358193.8746,1352834.11107,3319749.98025
2012,CK,38.018,30.386,10967.58,30108.556
2012,CL,972821.41984,1578206.18284,12685436.1122,40538592.1423
2012,CM,986874.489,114555.251,614824.139,2327046.008
2012,CN,53276325.5861,54176102.2122,391835604.612,850519326.22
2012,CO,675951.05927,1327012.66527,6564373.10069,32483851.5613
2012,CR,49393.87556,124200.02612,2262745.75248,9942167.03391
2012,CU,37902.606,181285.932,990822.908,3305558.995
2012,CV,157.64939,1830.33962,119100.3153,314815.70111
2012,CX,0.0,27.275,9245.829,17295.291
2012,CY,332598.3622,337993.47876,1246283.07751,3193562.21565
2012,CZ,8845046.42357,7513538.04776,23644732.8319,72162958.1038
2012,DE,41818749.8221,40576414.7334,179979411.651,553792027.883
2012,DJ,73334.875,313317.483,254073.762,1298530.405
2012,DK,1420052.03658,2336745.00727,14880840.1446,40436121.4929
2012,DM,735.98228,2113.09365,37378.85499,97347.21757
2012,DO,60926.02704,143041.04879,2923761.02628,8189748.71476
2012,DZ,1334192.76713,2354398.99995,6449355.93113,30872459.1212
2012,EC,593083.80428,808838.34587,4736293.33808,12102005.0241
2012,EE,940292.6224,1115690.88336,3079740.25722,7947691.49988
2012,EG,940052.41853,10731113.4848,10544364.7111,34932079.4789
2012,ER,3103.511,21664.42,72791.448,177948.147
2012,ES,13521703.9025,9929515.64256,67842139.1105,136314202.042
2012,ET,392021.75384,966645.02609,1436044.65442,4836705.2886
2012,FI,8642744.2462,3041092.70725,11691012.4128,31215828.8231
2012,FJ,5576.19087,13062.61022,234482.6812,790706.87455
2012,FK,49.486,51.401,29624.292,54622.612
2012,FM,0.0,11.11,9759.424,28115.821
2012,FR,9779802.51254,13643095.3879,115772599.306,314508596.697
2012,GA,17454.228,49146.001,511649.839,1634677.901
2012,GB,16557640.402,14778977.4189,126193264.641,280820642.649
2012,GD,341.496,342.467,18580.769,58162.208
2012,GE,246373.80118,578607.81882,1239536.12746,3444313.25054
2012,GH,681770.922,613585.56717,2535555.62438,7926706.64685
2012,GI,62741.179,73574.065,98186.877,606455.271
2012,GL,727.62156,1679.41093,104092.61588,259653.59012
2012,GM,12404.12131,44538.35461,117121.96292,416868.79921
2012,GN,24639.396,44508.323,357313.93,1094366.147
2012,GQ,3712.042,8636.439,461561.823,1015388.075
2012,GR,7331537.71223,1145336.96897,15469936.6146,18019362.298
2012,GT,121037.78563,398143.61413,1865876.60232,8013728.70243
2012,GU,144.223,738.249,17830.683,136244.229
2012,GW,1486.087,1659.063,52373.853,87295.768
2012,GY,12192.87689,18602.43162,280295.47613,878013.36627
2012,HK,2299809.11858,3881644.75351,124528153.901,238591335.778
2012,HN,41909.81233,133969.27493,1177409.63446,4884302.06073
2012,HR,1305195.75162,424328.80099,3653809.70379,8142614.24058
2012,HT,16054.755,17597.737,415910.892,1189632.738
2012,HU,8867747.32673,4660253.23328,13608049.6278,45063532.8177
2012,ID,4515013.59513,5795565.92328,33313017.444,104364817.351
2012,IE,534813.47078,2107467.05233,11736141.8929,28071685.8722
2012,IL,618406.50748,2460660.04844,9467719.55863,32968840.3424
2012,IN,27281210.1457,10447750.0185,208946619.263,179263550.801
2012,IO,0.0,0.0,9228.214,14321.431
2012,IQ,173150.162,1673906.981,4947456.4,14639429.938
2012,IR,894777.2,3793653.736,11860474.391,26980618.697
2012,IS,51265.16919,71692.80143,645444.33208,2680437.06308
2012,IT,25534128.7387,16461760.8666,112246070.268,209554477.144
2012,JM,9489.7422,14898.49999,1753898.18982,1983911.88518
2012,JO,473034.82294,1386741.18925,4758381.33187,8667566.71136
2012,JP,18242217.5422,21651712.5134,193276986.09,372291480.08
2012,KE,330840.68,930868.965,1727574.813,5965273.367
2012,KG,146551.61303,365974.26242,615392.77118,2440349.34582
2012,KH,46895.94031,157962.92099,2153032.41504,6409255.78368
2012,KI,355.076,1091.358,13755.796,34468.275
2012,KM,10821.231,5622.664,64767.539,183314.155
2012,KN,1554.22,7473.128,31925.099,102515.147
2012,KP,37533.19,213781.111,1116115.436,1833372.638
2012,KR,15395325.1957,13381555.8631,146213028.163,259411643.843
2012,KW,179016.121,524542.537,2047240.746,10738518.83
2012,KY,72.185,37577.091,157810.557,365110.063
2012,KZ,5152585.93163,9095438.87807,3876154.67244,14736174.8119
2012,LA,5737.028,16612.606,752908.896,2861175.456
2012,LB,206279.13518,1984957.65676,3147344.70835,6894328.8922
2012,LC,412.492,861.901,1406595.145,126999.083
2012,LK,1292395.19626,2130540.78838,2604372.3363,7108129.10693
2012,LR,162709.225,182808.333,1432793.002,3567615.944
2012,LT,8920497.27941,1984421.82599,2594578.88971,10035892.5544
2012,LV,1220159.30854,1551226.90523,3076366.42012,6161167.47473
2012,LY,25744.64,794547.756,2114917.455,6867629.776
2012,MA,830939.25,1366196.882,4351561.5,20223752.927
2012,MD,307812.45975,695111.11364,450154.58756,1534433.61422
2012,MG,37185.25318,90037.25888,333254.42921,1206060.42539
2012,MH,49642.684,114033.266,2444986.312,2061892.654
2012,ML,28820.65199,151246.80875,585476.51453,1313099.03937
2012,MM,88374.683,353900.641,2959487.778,7236677.857
2012,MN,90698.336,347569.12,809514.97,2585397.109
2012,MO,12128.64912,11707.49714,711555.30148,2756645.55729
2012,MP,0.0,21.288,2367.885,12490.635
2012,MR,12718.15617,78377.00968,531840.58529,1881341.279
2012,MS,0.0,36.995,6001.51055,11030.80495
2012,MT,41968.49099,269552.22352,1585732.12789,4387336.00944
2012,MU,36892.76607,150238.116,748313.39318,2218743.42747
2012,MV,29011.27493,65878.52529,193951.03122,383693.49251
2012,MW,31527.12569,145160.09527,369489.94285,1119625.13762
2012,MX,887286.31332,4268672.90923,57336866.2113,219378458.496
2012,MY,1381387.75952,3189509.3172,35120550.8063,107387498.362
2012,MZ,66168.4498,263825.93893,936510.97545,3567386.9758
2012,NC,4424.74535,39141.96107,366118.5542,1334463.08553
2012,NE,8384.40264,75653.06034,210255.20317,903452.21651
2012,NF,143.282,1749.416,2769.262,4789.564
2012,NG,694731.63561,1773615.09948,5943198.1428,22489392.8873
2012,NI,19181.28602,179042.25624,1209608.92005,2717606.16833
2012,NL,44804095.2554,12192651.9851,108061923.189,231722720.78
2012,NO,2614589.04562,2872531.02238,16907250.5164,43077794.0865
2012,NP,788425.93751,1485209.89693,518073.7733,1074763.15789
2012,NR,10.229,141.358,7214.723,9860.796
2012,NU,0.0,0.0,1814.819,3776.922
2012,NZ,400457.29226,232889.01253,7752602.45523,17893924.3854
2012,OM,376101.69478,1121289.28771,4218699.78148,15614732.7039
2012,PA,575129.30096,174759.70321,5476569.16051,13609647.8944
2012,PE,1206590.16742,781628.39029,8107308.60965,23750567.8466
2012,PF,2834.34421,23336.42027,177197.31433,561217.37148
2012,PG,21808.07357,27951.63278,1948000.039,4192382.36241
2012,PH,1323877.834,734364.026,11322900.306,41294476.693
2012,PK,642118.01915,1417488.85951,9620293.06987,19283026.1513
2012,PL,19175990.5718,5813841.39511,30950923.5047,103127307.509
2012,PM,13.336,269.339,8262.463,18652.062
2012,PN,8.018,0.0,3547.033,1077.049
2012,PT,1144513.71308,1880558.10089,17308353.0942,31470603.7268
2012,PW,0.0,0.0,1727.138,14320.744
2012,PY,55296.9791,131960.85817,1624176.82616,5065290.19378
2012,QA,84503.453,403112.754,2105551.654,11172340.103
2012,RO,3257990.09954,2141203.2732,14113023.1433,35342686.97
2012,RU,5428054.31055,18096486.9811,33571658.1713,177081253.138
2012,RW,83516.54359,127252.60334,334203.03215,867614.21188
2012,SA,940103.81,5653351.788,23863452.095,83691050.641
2012,SB,322.322,406.375,46799.37,140862.792
2012,SC,6965.255,15238.303,94780.232,187818.282
2012,SE,8238249.90183,3891586.02734,28155669.8052,75377056.5477
2012,SG,2195988.89284,3973315.19591,75863770.2317,127444337.56
2012,SH,50.893,28.642,14279.334,41588.045
2012,SI,486475.45526,685095.55899,4671187.21307,13693396.2749
2012,SK,8098612.71844,3598806.32295,10156811.9935,37352989.6698
2012,SL,42228.394,65795.566,171353.533,580920.4
2012,SM,6290.659,13046.076,65236.735,115673.086
2012,SN,925980.11383,426086.57517,640327.25019,2891305.33873
2012,SO,16523.743,53234.633,76844.444,232660.509
2012,SR,20580.90516,33645.55731,302655.98921,977297.04799
2012,ST,448.36749,1740.07744,17990.41026,50880.53341
2012,SV,39550.50065,99319.86222,1771595.12928,4633426.38515
2012,SY,191452.139,882548.594,744986.858,3056701.0
2012,TC,392.576,402.797,28721.9086,62186.38115
2012,TD,4412.531,25582.934,110935.533,340541.874
2012,TF,853.883,1983.972,7029.114,13490.786
2012,TG,131531.06878,156930.96777,829325.3238,2593227.96888
2012,TH,2830530.25666,4965789.4222,75395353.5206,119691705.363
2012,TJ,103932.982,280356.333,372941.384,1447155.156
2012,TK,3.071,1.188,4273.534,39293.09
2012,TM,348427.178,1174988.209,1170783.254,3460112.265
2012,TN,286285.78009,981899.94096,4310612.79211,14166570.0448
2012,TO,422.31124,651.31346,23403.49101,68272.63625
2012,TP,2189.93,853.394,76794.95,330670.585
2012,TR,6458319.28468,17827427.726,32576264.8026,111221867.946
2012,TT,209116.398,46403.085,1187546.335,2992302.241
2012,TV,1857995.74446,977785.79756,2938472.46765,7861185.42538
2012,TW,1127069.007,2894877.378,224095639.725,141205533.154
2012,TZ,356754.69928,843676.28881,1436724.65353,4761341.68441
2012,UA,17198122.7399,9657031.35645,8639880.72517,26102132.1692
2012,UG,271388.08003,675725.06957,496629.83849,2099976.60368
2012,US,30159305.6415,30388580.495,485867865.194,1032249688.58
2012,UY,709787.84722,280241.62794,2395115.18104,5272182.5805
2012,UZ,557689.832,1689026.138,1263149.293,4968887.439
2012,VC,187.74378,8343.54989,65323.04666,133005.0114
2012,VE,593716.329,678338.285,7496365.714,28707402.072
2012,VG,198654.958,69735.692,89115.156,1464625.056
2012,VN,692035.61647,2643237.03805,19282405.8018,55197780.3049
2012,VU,1118.139,41737.31,32206.995,103166.288
2012,WF,0.0,0.0,4380.559,11502.162
2012,WS,126.48773,2591.65549,59574.29148,108898.72617
2012,YE,85734.25783,865328.19037,1257893.10203,5140911.44558
2012,ZA,6262523.96881,4035219.54595,32261265.1245,51986477.5463
2012,ZM,90278.46591,200734.07041,2722163.46922,4478676.37763
2012,ZR,31910.162,88415.986,1088737.446,2968165.322
2012,ZW,55770.46927,285907.0393,825187.59644,3452367.81307
2013,531,8988.816,40502.359,98503.621,345988.682
2013,534,509.805,12158.271,29449.476,135543.365
2013,535,19.522,78.879,7991.017,17519.748
2013,652,0.0,0.0,12856.502,23578.047
2013,728,8464.896,30998.215,62491.963,160766.444
2013,729,119801.837,490783.897,979977.241,3335930.931
2013,AD,689.57217,12004.84563,91336.33958,350066.31024
2013,AE,5470591.221,30262343.051,17881189.834,88586940.173
2013,AF,840795.517,656567.142,428246.428,1682271.15
2013,AG,3220.68264,19624.43106,46158.61762,420397.36683
2013,AI,828.173,2208.28,11524.482,38934.648
2013,AL,17765.82774,59788.10907,653620.95142,1960812.12726
2013,AM,17131.63725,122927.30685,939648.79368,1930325.26722
2013,AO,180942.439,1150123.028,4043609.871,9111671.672
2013,AR,611256.83219,4041761.52964,14453027.7321,42210343.5026
2013,AS,102.687,992.297,28479.961,56939.662
2013,AT,608569.95211,3972786.8287,32369860.369,89324614.7558
2013,AU,2340293.83481,19154144.4024,39809883.5492,95897689.0608
2013,AW,3764.04506,39925.56731,481103.33374,388143.62257
2013,AZ,142715.75172,1449416.34624,2281036.28022,8259706.03364
2013,BA,29533.7959,130074.87678,2339476.34216,4323685.26411
2013,BB,7627.493,64418.102,143936.091,309367.008
2013,BD,1190015.174,5566679.27,4314464.793,16090670.411
2013,BE,5796851.88028,26690642.5941,94513861.1288,210737099.65
2013,BF,53596.69911,218819.08351,659524.19773,1518868.62671
2013,BG,131105.98788,630879.77018,12406394.9389,13928726.6849
2013,BH,380339.84172,1271159.27887,9356301.46118,4863885.69713
2013,BI,5575.45717,36212.09247,111517.86297,325487.06231
2013,BJ,64622.53509,161439.42252,704602.04478,2811041.11737
2013,BM,5545.55042,16868.03032,79150.84528,1867312.10606
2013,BN,71657.08881,1627069.80477,675004.03848,1882293.41446
2013,BO,98055.53929,689336.73683,1522677.81907,4697338.78049
2013,BR,2848213.26812,15112525.4255,47637611.0235,128826513.311
2013,BS,23386.72297,240902.70924,928819.83407,2515412.89032
2013,BT,38141.896,52815.316,25837.041,48405.243
2013,BY,101091.84013,530856.36239,16815679.8556,16576744.6613
2013,BZ,23001.17455,70929.63313,114949.34397,404566.01459
2013,CA,6103735.68986,30550764.1099,79057864.3602,214020537.255
2013,CC,53.475,0.0,706.861,23576.006
2013,CF,3556.27088,8173.69754,27969.0092,90394.11185
2013,CG,68211.475,151662.04,645476.885,2019006.194
2013,CH,1504899.57602,11458200.8557,38546688.7494,148749086.999
2013,CI,112048.28446,500615.21852,6552422.24479,3381004.52184
2013,CK,22.545,1578.601,24699.916,41000.706
2013,CL,1463691.92111,4552461.72667,14808626.9252,34808079.9279
2013,CM,54008.513,178979.776,2157548.05,2820589.964
2013,CN,33702318.0161,160540508.009,362448868.862,918443955.364
2013,CO,1203022.02658,4943369.44279,6953383.59555,28697880.4674
2013,CR,274333.89369,1080246.16615,2582119.17863,8107251.24328
2013,CU,116694.136,290773.581,945184.022,3644309.055
2013,CV,768.50732,12683.02812,102180.8431,242415.04479
2013,CX,0.0,0.0,7469.91,18345.28
2013,CY,46500.96549,230433.14813,1052981.36169,3454165.7207
2013,CZ,948812.56916,4832143.42842,29976171.2658,79128638.8337
2013,DE,14980750.2051,60020067.5475,236482331.605,537936852.239
2013,DJ,36505.853,185321.721,336511.756,1237731.78
2013,DK,912226.21089,2631876.90012,16989490.9279,41923622.5761
2013,DM,2124.86,10325.231,27229.493,86492.167
2013,DO,552569.68142,698855.40584,2610371.63672,7029593.25782
2013,DZ,350754.86142,2347570.20926,7151796.06144,32917433.0725
2013,EC,419957.46669,1981034.69715,3233712.7339,13287697.3505
2013,EE,223336.57146,760431.37652,3126435.35376,9696946.14811
2013,EG,821257.55367,3804017.87466,11572489.4071,36947961.3699
2013,ER,10176.422,14751.798,63525.71,226445.174
2013,ES,9508407.09264,11557142.6081,86637243.6185,127852068.022
2013,ET,319418.63636,1176100.68415,1563676.9536,4945154.63486
2013,FI,654008.2674,2459340.9311,21455792.7185,31057141.1352
2013,FJ,20168.28434,108029.33541,252185.74844,1330199.04247
2013,FK,23894.313,36317.659,521.684,1716.857
2013,FM,1108.877,6752.729,13620.77,18276.858
2013,FR,6709156.06589,26885089.366,139696958.91,303383944.382
2013,GA,26424.742,131685.387,763419.19,1681273.586
2013,GB,1982959.14601,14910710.4064,118596927.836,298368932.581
2013,GD,1721.771,7290.958,15796.131,65674.979
2013,GE,24615.65437,407890.11632,1432791.77329,3506361.47083
2013,GH,258391.45313,877405.47969,4274028.5385,6785191.80692
2013,GI,19915.452,222925.059,470334.139,532477.387
2013,GL,3403.31576,9011.79906,113430.74348,253530.59919
2013,GM,13007.77803,66952.77818,114305.65187,452949.25326
2013,GN,36246.71249,160820.45364,548633.38035,1180360.40013
2013,GQ,14699.215,70797.759,463103.884,1533459.1
2013,GR,264194.8533,905191.12537,21838664.0052,17750769.037
2013,GT,450446.42997,1156219.02514,2223338.26013,7078346.3892
2013,GU,3230.915,69354.895,12621.669,56978.09
2013,GW,1191.292,1903.032,42235.091,87077.258
2013,GY,31758.78449,111553.44607,239318.55456,876150.54602
2013,HK,4030700.31755,38639692.9276,32672485.2303,370287184.326
2013,HN,99911.847,390918.032,1269283.626,4412116.532
2013,HR,39704.61404,198468.11251,5674739.73547,8742154.93441
2013,HT,27492.843,99456.265,527242.588,1307108.744
2013,HU,431066.73258,3298733.84092,21776210.4679,54367171.5762
2013,ID,4413441.02064,18362190.5486,37655785.9364,86214136.111
2013,IE,4420666.75652,8997864.27661,7738846.35547,24705268.6837
2013,IL,518274.47605,3419924.86194,8517013.9448,31739750.4264
2013,IN,7219509.52137,14879384.3133,181121878.216,200958879.362
2013,IO,0.0,247.163,7983.224,2881.321
2013,IQ,291842.869,1516143.691,6594924.522,17729216.443
2013,IR,417368.835,2435491.176,6426400.641,25226355.79
2013,IS,53716.85535,211390.90105,695265.31934,2136672.59916
2013,IT,3479067.53461,14387374.9856,128294242.481,205239234.13
2013,JM,185715.64855,255515.8784,1331831.06886,1824612.66977
2013,JO,192837.56077,1002426.21184,5512421.26415,10247237.9383
2013,JP,4212356.71181,12884273.664,267951314.357,302083680.483
2013,KE,611314.78065,1963767.23202,2650383.03961,6527382.12633
2013,KG,6020.90343,250186.43412,1249970.67891,2657804.70647
2013,KH,81272.31965,344664.47353,2146882.40387,8848031.6332
2013,KI,4820.343,4144.344,12598.708,34547.942
2013,KM,13443.003,10205.444,98316.356,224132.385
2013,KN,822.11,7945.632,23766.304,191698.904
2013,KP,5361.193,139016.068,1409172.724,1764359.63
2013,KR,14929066.9361,55159171.6075,164523697.844,195397499.607
2013,KW,517425.90997,3197420.02525,4612723.25905,13414484.5943
2013,KY,957.919,19744.048,85661.008,382029.078
2013,KZ,166121.51551,1765122.73253,10201898.9825,24848874.7244
2013,LA,11765.174,153777.675,953799.959,3424438.409
2013,LB,119554.02954,916496.95354,2425804.63343,8500204.29748
2013,LC,2150.391,17049.025,125152.213,93759.92
2013,LK,877797.20174,3289021.34681,3137747.34632,6357207.08176
2013,LR,24950.166,47880.692,231364.518,4542076.043
2013,LT,222503.73157,565318.63884,11802920.9332,12719035.6057
2013,LV,190078.24784,214331.44167,2774142.88692,7487342.18164
2013,LY,131074.082,673292.616,3010921.967,9854179.623
2013,MA,192784.868,1021143.539,5902917.853,20859440.603
2013,MD,15124.89392,108788.5819,764027.11818,2463847.45834
2013,MG,62888.43106,123993.25355,372948.4128,1169934.24047
2013,MH,3881.396,5163.697,119430.013,8157598.815
2013,ML,24873.864,107097.69,419449.961,1207786.599
2013,MM,153053.149,1420903.754,3455241.004,7912204.136
2013,MN,32627.40424,462069.55772,937900.93914,2384634.85206
2013,MO,26081.482,144735.482,876710.097,2909234.095
2013,MP,1081.019,8976.173,3045.235,5730.718
2013,MR,46696.93184,141617.60719,1433909.74247,2025075.38597
2013,MS,285.24534,12351.51694,4944.92968,15872.6422
2013,MT,116463.04485,321221.87446,793281.71947,3798738.66852
2013,MU,59785.69429,365433.71513,565274.18871,1901905.24774
2013,MV,34500.68392,72966.61234,144497.99749,546894.13428
2013,MW,78407.79818,324322.84609,545829.57897,1212223.94154
2013,MX,2531209.67636,16613831.1074,55891304.8633,217293585.021
2013,MY,4534285.87715,16408888.7646,31045041.0264,98798279.521
2013,MZ,139012.53421,865648.81108,1218690.58713,4098956.85042
2013,NC,17838.75632,83992.39909,350713.93548,1218945.83234
2013,NE,15028.58021,105529.67983,258191.82839,885752.63099
2013,NF,0.0,1718.297,2354.088,10612.034
2013,NG,988336.93726,3891869.69282,7182240.34409,22049973.2017
2013,NI,161420.65729,437480.11575,1161932.50276,2349560.63664
2013,NL,14544787.9765,26592343.0933,127417022.461,229052589.912
2013,NO,1350168.76998,5083130.55322,15183165.8903,45789789.4406
2013,NP,932072.64577,1639536.85278,248944.31505,1620965.38467
2013,NR,26.837,1315.566,65607.921,23306.487
2013,NU,850.492,126.965,1114.366,4242.13
2013,NZ,293925.41322,3054188.82777,8090322.25176,16059193.7254
2013,OM,752335.6258,4247684.56284,4694139.04473,14045674.6791
2013,PA,132421.14165,966699.80087,10478389.4222,12192787.787
2013,PE,808609.69221,2928520.07116,8466062.1235,21336776.1581
2013,PF,5588.37382,80713.119,184981.28062,585689.57403
2013,PG,48725.714,306907.393,1339455.019,2292657.547
2013,PH,1693165.316,7805959.659,12357430.147,38978638.126
2013,PK,1040193.82576,3142672.62621,10445398.0097,18889378.0691
2013,PL,1524309.64746,6304782.5363,50759959.5455,109828019.734
2013,PM,46.921,39.066,8923.918,35109.639
2013,PN,352.511,220.931,125.253,1707.21
2013,PT,436256.89753,2188381.26126,21397067.123,32061771.954
2013,PW,2794.424,13376.124,3349.163,18675.669
2013,PY,45540.1432,454772.48638,1731733.21341,5307149.4964
2013,QA,455156.66345,3664412.53406,4926148.32967,12221139.163
2013,RO,464661.60795,1583896.69336,16869879.8888,37490376.7768
2013,RU,2035976.14812,18566004.2426,41223102.0304,166734425.971
2013,RW,46704.26594,211516.68087,380683.57475,867039.5797
2013,SA,3272294.6157,13052809.2166,25166537.5177,82573877.3772
2013,SB,2050.016,22372.056,36262.197,101247.496
2013,SC,14041.313,60325.478,79014.835,248308.136
2013,SE,2560493.4067,6179405.00851,30970431.4944,69304219.4361
2013,SG,4270964.77336,20384716.6274,61532224.7205,128802827.905
2013,SH,5993.555,11483.32,6774.522,18856.872
2013,SI,166214.49387,671102.37554,5588290.90147,14319181.7604
2013,SK,252111.52887,1357958.95938,19161673.5277,42360396.4481
2013,SL,70497.128,94863.893,185104.432,388365.766
2013,SM,171.14,2244.617,82766.295,101242.353
2013,SN,55653.08305,304633.1396,1408538.36949,2963690.65355
2013,SO,42012.606,41052.161,304886.369,405457.67
2013,SR,22706.01472,122342.31979,397531.11122,1153167.71673
2013,ST,370.58681,1294.82198,21654.8742,49358.82342
2013,SV,197501.43682,516981.95612,1264511.88861,4520443.23173
2013,SY,34617.653,125971.612,679597.314,2849492.545
2013,TC,76.714,4051.126,17529.41,51638.477
2013,TD,13034.199,54596.464,204946.606,611248.491
2013,TF,0.0,69.419,4830.366,18478.007
2013,TG,60894.32575,317707.64456,717805.36898,2166417.69055
2013,TH,10458038.3677,34766124.2952,63024908.8051,96007364.2831
2013,TJ,2050.832,5493.772,711419.158,1603132.73
2013,TK,0.0,174.472,221401.818,5026.957
2013,TM,24471.832,112133.736,1933723.486,4067365.115
2013,TN,141908.7799,788778.47229,5842168.51429,14239429.1594
2013,TO,1541.21671,7561.55489,20542.25326,76238.74662
2013,TP,163.621,5725.765,96741.335,165507.632
2013,TR,2071704.54118,11631651.67,36082635.2885,136189117.938
2013,TT,73514.91,431820.541,2426909.761,2219254.216
2013,TV,84583.96544,380318.5898,5435023.29247,9631286.25489
2013,TW,5946764.244,28712527.234,216799187.112,121628879.923
2013,TZ,423933.60664,1040258.00614,1362100.385,4500382.95302
2013,UA,302132.80762,2024073.77843,23072739.721,31694153.4837
2013,UG,171767.60213,666797.58219,590660.33725,2033652.47017
2013,US,80062373.8255,312015054.838,405794804.196,766467959.638
2013,UY,310998.78879,394674.76508,3085109.99533,5665566.40535
2013,UZ,54869.961,170522.958,2339411.574,7262019.328
2013,VC,8224.178,10628.196,89421.758,107664.251
2013,VE,528300.596,1815830.84,6469717.96,20217942.98
2013,VG,913.575,7646.343,156371.584,1189362.653
2013,VN,3481538.19646,9761510.13583,20724341.8321,71033550.9448
2013,VU,1478.375,3648.564,37221.211,197298.043
2013,WF,11.003,3.139,5268.96,13527.96
2013,WS,2744.7439,12655.43466,59997.27059,124440.44028
2013,YE,186467.71785,865304.91214,1408601.91833,5674718.93998
2013,ZA,2428750.51865,9499151.26869,25522274.7902,50976912.7236
2013,ZM,203276.74727,796598.55925,3107146.39631,4236129.44152
2013,ZR,50501.241,146383.934,1495200.672,3128190.569
2013,ZW,67143.76274,339610.8863,843684.02684,2789448.01766
2014,531,2990.269,22476.467,141190.465,485079.139
2014,534,1.187,103.713,38068.415,129033.026
2014,535,4.646,164.605,7300.503,14351.087
2014,652,1.508,0.0,800.695,4098.504
2014,728,3145.168,20879.689,75528.961,248114.479
2014,729,95232.29,381595.294,857763.829,3117060.478
2014,AD,363.70675,738.02025,88999.68761,527617.07592
2014,AE,3008774.283,10645548.615,21452147.715,104739903.761
2014,AF,449209.21,769648.494,305712.148,1567166.137
2014,AG,186.23541,188744.90767,65981.34991,212018.50323
2014,AI,24.501,19.616,9567.85,20670.091
2014,AL,11205.3251,20206.38225,651994.09206,1581246.39515
2014,AM,28340.59111,40152.47359,908352.16814,1964788.36985
2014,AO,55417.576,253746.557,4574718.418,12310402.933
2014,AR,729315.24237,740575.37723,13807422.9908,38253614.2802
2014,AS,141.927,31.028,37474.961,23609.629
2014,AT,1409025.03309,1902806.71891,32525708.7563,89058863.2494
2014,AU,1890300.06675,1982823.13426,39244165.4826,108664699.901
2014,AW,286.489,2660.559,1114860.23475,785080.95225
2014,AZ,30360.24158,73759.42835,2448054.68458,8182679.9353
2014,BA,38833.22811,156746.94409,2551657.81628,4576802.14117
2014,BB,1236.783,51926.75,129802.046,358156.662
2014,BD,882394.957,5043475.81,5228257.377,19024148.881
2014,BE,1918886.32555,5723046.1594,88894737.9569,228082153.097
2014,BF,69502.76483,179161.51789,524058.90389,1121309.48988
2014,BG,398713.34182,562513.63285,10677335.9285,14772045.5146
2014,BH,117772.02497,293873.54788,8846518.72545,7084082.83584
2014,BI,4544.56394,11642.11066,122718.26991,318548.39054
2014,BJ,167118.09729,166279.42708,706754.9974,3404159.59485
2014,BM,38.93755,2193.65067,244838.58979,2365821.75992
2014,BN,4297.51624,28792.39162,608466.39497,2187666.15953
2014,BO,141353.90669,417975.54879,1550205.66962,5902860.03239
2014,BR,9905615.76192,3270747.47744,41193991.9163,130462385.559
2014,BS,1009.7038,443711.22285,2159983.68639,3232102.61112
2014,BT,39392.009,48598.011,7663.173,40529.942
2014,BY,538909.63584,1205046.25347,15770909.0838,13210828.7115
2014,BZ,16174.1996,8457.22342,165492.23362,493145.98063
2014,CA,844778.94743,4851741.79405,81785594.5558,244891062.639
2014,CC,0.0,2.805,1035.63,7566.649
2014,CF,23053.4304,5442.08185,46093.73088,163340.40886
2014,CG,38372.59574,145789.08215,949344.89957,2646891.96722
2014,CH,1497728.29836,6859263.333,34040520.014,169000667.316
2014,CI,2296856.10524,251312.08248,1754480.78628,4511576.09285
2014,CK,0.0,34.719,16880.954,40679.355
2014,CL,736284.55858,1174259.64073,14580707.5567,32358278.5862
2014,CM,1366977.36326,102919.14319,1171903.3797,3295006.56307
2014,CN,12438514.6114,17645277.9136,393427191.16,958036323.09
2014,CO,490471.63266,1244376.03821,7721240.45758,34975338.7586
2014,CR,25413.282,72904.41,1904075.551,6409292.572
2014,CU,7402.404,29969.235,1097627.225,3097234.852
2014,CV,438.68815,6772.51616,133997.59551,290194.10142
2014,CX,0.0,0.0,6280.352,14885.733
2014,CY,35185.72333,243276.14973,696481.14139,2507753.98014
2014,CZ,3196604.97435,6801735.47148,29072672.2836,83438050.9809
2014,DE,18442584.237,31021900.5461,226749338.045,590797339.4
2014,DJ,33920.046,108351.899,461600.371,1317765.884
2014,DK,1255848.13979,1759666.5456,16458715.882,45101781.9221
2014,DM,515.394,5555.691,25868.551,93134.244
2014,DO,75676.86197,111155.79341,3246399.51734,7959752.09837
2014,DZ,190908.49992,1394264.52034,9483407.83288,36301224.0512
2014,EC,475050.53438,545170.79976,5821154.80913,12780748.5907
2014,EE,179065.44292,828199.61033,2793344.31999,9153318.53673
2014,EG,417329.66831,1810714.90495,12999813.7812,49309293.1291
2014,ER,5134.679,7705.014,46272.555,180256.586
2014,ES,10413892.3339,5319173.25018,85948104.9578,148306610.632
2014,ET,187724.36939,661921.20237,2298601.88232,7125942.52333
2014,FI,767124.40801,1037184.05401,19782648.0616,33365364.7147
2014,FJ,15305.75962,23421.04454,343866.31216,1374378.40609
2014,FK,0.0,17.263,16481.047,94604.534
2014,FM,3.597,53.433,12946.512,24710.336
2014,FR,8970507.57361,8173653.17017,133098325.11,316916451.415
2014,GA,10181.276,15555.287,655845.978,2256155.097
2014,GB,6731884.97929,12705810.769,110740044.272,326982365.096
2014,GD,431.386,899.713,18118.237,71337.934
2014,GE,28311.69719,49484.7187,1712100.44309,3782438.69856
2014,GH,761941.83,844747.206,1923895.786,5159801.467
2014,GI,4238.151,50700.947,293334.919,718491.503
2014,GL,341.69046,295.86296,94981.10551,280601.21481
2014,GM,13802.48658,63166.88434,131360.44659,504414.0223
2014,GN,60403.73772,128201.2734,496963.79435,1341840.21526
2014,GQ,1550.98,83746.309,434890.784,971766.811
2014,GR,157898.76074,591176.20966,20680713.7108,19689542.0195
2014,GT,62535.11737,186700.05373,2629060.93589,8529990.95977
2014,GU,85.688,297.283,19184.497,133598.458
2014,GW,2191.602,5709.678,32661.138,99596.248
2014,GY,9639.71188,15920.02666,309634.44652,677011.80572
2014,HK,250577.02123,1893896.19191,34639021.0234,375729273.94
2014,HN,70441.19552,84851.43899,1216215.07021,4528011.51866
2014,HR,224967.97707,299369.66354,4855209.26429,9385334.79785
2014,HT,11575.666,22995.604,489344.291,1629387.341
2014,HU,1094814.25672,2473745.4999,22855156.2004,57423593.1553
2014,ID,4129783.94561,2961489.05992,36186221.1763,96568162.0062
2014,IE,411152.92532,1019516.48606,11381498.0756,35413952.0482
2014,IL,253057.69394,894295.39861,10248622.0097,36103404.2797
2014,IN,15380404.4305,2699617.02662,166761403.062,216750898.262
2014,IO,0.0,0.0,4325.774,1352.411
2014,IQ,59196.425,344329.488,6549116.583,15883055.637
2014,IR,672831.15,2020957.292,8670846.044,30273449.254
2014,IS,20540.79642,69842.29798,1099254.57911,2339608.36694
2014,IT,4662983.9582,8895293.82049,115462983.336,218472021.792
2014,JM,46387.17638,32834.33986,1225584.36091,1891596.00458
2014,JO,118973.49845,509836.10596,5639841.71677,10284908.0406
2014,JP,5583057.85534,3834554.64689,255921762.261,305394813.43
2014,KE,338431.587,762112.319,2530983.045,6815935.571
2014,KG,5284.73,18515.666,963692.481,2631400.296
2014,KH,33893.317,112418.578,2498374.626,7462145.68
2014,KI,12.338,772.11,17834.931,64105.983
2014,KM,10254.842,5370.183,15096.094,50672.036
2014,KN,339.68,7984.267,37564.603,184451.34
2014,KP,11054.163,50280.673,777704.353,1875012.662
2014,KR,4283198.32388,4796952.13745,173392302.664,253026238.518
2014,KW,308732.73369,474757.97625,5407749.09697,18122387.8863
2014,KY,148.105,923.52,80719.652,884884.881
2014,KZ,93822.51969,327294.93726,7788097.82354,22209607.7261
2014,LA,14007.581,24285.374,1613265.637,3315303.666
2014,LB,51143.64402,341347.11073,2498077.11094,8251324.1591
2014,LC,766.14173,2134.12074,1432423.51947,180143.57924
2014,LK,740181.99053,3657321.3046,3742463.07331,7679486.32281
2014,LR,20489.187,84756.766,384737.175,4358711.455
2014,LT,656854.42953,1299375.98469,10213349.7976,12758854.942
2014,LV,211898.78713,930320.54542,2791684.89381,6922520.77465
2014,LY,24375.755,124803.941,2004247.946,6728160.61
2014,MA,141435.749,519369.442,6273173.04,21897690.086
2014,MD,33021.15676,222009.98493,830820.19144,2234971.93984
2014,MG,71978.54852,109953.63532,458298.95755,1401029.46408
2014,MH,45.872,158201.028,112697.119,9902865.763
2014,ML,32420.622,59442.366,503234.198,1164197.978
2014,MM,191871.314,485114.299,4168696.08,10513865.128
2014,MN,4404.12984,14701.33049,802188.97492,2206165.15172
2014,MO,820.38841,1676.6537,964062.10336,3657169.92147
2014,MP,2.952,36.423,2748.938,20754.194
2014,MR,8515.10146,66847.47223,903670.06534,2655208.5552
2014,MS,0.0,123.052,8924.27573,18243.90764
2014,MT,108812.2296,134251.29349,769189.7424,4361473.26892
2014,MU,105642.17728,153408.2916,628081.41311,2409784.06517
2014,MV,46471.09247,110257.04414,229058.74621,552078.23083
2014,MW,64013.92953,142036.70593,487067.64341,1178952.07318
2014,MX,1602322.69021,3396075.88563,60436052.7503,246916965.229
2014,MY,1209153.61519,2274255.79623,34220908.137,115908976.195
2014,MZ,128077.25434,207274.05718,1547254.00494,5505724.32262
2014,NC,17017.82716,14266.70917,401317.80986,1324571.62858
2014,NE,38107.45412,94745.67572,401724.32393,1037847.95665
2014,NF,0.0,130.549,2049.274,5913.533
2014,NG,507820.49491,1601880.69182,7795532.73885,24528328.2619
2014,NI,24962.8192,66397.64744,1361330.46432,2743508.65517
2014,NL,6580916.34322,7160176.54436,140127309.907,253264063.641
2014,NO,1246470.33635,1870724.59693,16139974.2393,48470460.9022
2014,NP,1055483.05318,1868297.55901,405857.80145,1750164.6052
2014,NR,0.0,21.401,19303.468,23186.349
2014,NU,0.0,0.0,1572.272,9475.248
2014,NZ,90785.89152,261966.68493,8903901.58831,20492134.752
2014,OM,300716.32607,609712.44939,5164244.96689,18131133.5731
2014,PA,81230.32251,238205.30099,6981679.07646,12341040.2569
2014,PE,600967.24043,711724.60789,8644147.9846,22480929.4706
2014,PF,834.63988,6319.57709,189321.49552,622995.21711
2014,PG,8896.052,26845.279,1248569.737,2131249.281
2014,PH,321742.094,894617.507,14638191.454,52096664.481
2014,PK,359283.02064,1820977.78178,10794311.2036,23118936.8952
2014,PL,278392.01189,1134776.11012,52492200.1794,122623749.986
2014,PM,0.0,20.462,13664.632,23970.834
2014,PN,0.0,0.0,846.499,889.063
2014,PT,1146676.09454,1032214.4994,19715267.1085,35736441.2454
2014,PW,21.744,38.221,13824.7251,48621.22972
2014,PY,32488.74017,106522.7759,1750055.17341,5578044.68773
2014,QA,187583.27278,840140.31995,4853939.53028,20052018.8066
2014,RO,845096.82982,1791709.53415,17602719.6373,39528418.7448
2014,RU,1576229.49936,5757652.27088,40370540.117,161281690.927
2014,RW,46399.54877,54670.17032,386238.71606,965084.78118
2014,SA,859498.678,2949293.724,19326115.941,79996432.622
2014,SB,290.031,980.301,42716.415,117428.102
2014,SC,9266.437,21575.032,93693.851,215871.301
2014,SE,2726939.74584,2450681.04488,30861830.2317,75334931.2003
2014,SG,989427.56555,2858263.50889,69354264.5566,140802291.841
2014,SH,1.397,17.802,10946.197,33812.047
2014,SI,202161.81438,469793.86037,5947974.36519,15245145.0048
2014,SK,1038244.82822,2561367.93795,17128833.7789,42680382.2965
2014,SL,14011.77044,44422.22402,232252.82783,665779.73276
2014,SM,196.419,1686.005,74322.42,105747.412
2014,SN,579399.22492,161207.42928,945351.00858,3040976.46115
2014,SO,3986.03,87498.788,103496.627,544369.529
2014,SR,6056.53684,22222.35698,350479.51931,911330.18042
2014,ST,169.4223,1153.53348,20952.38698,55506.72846
2014,SV,21403.89112,83193.64027,1480762.27979,4892691.42297
2014,SY,39643.085,111197.036,815133.969,2886474.785
2014,TC,0.0,204.829,25227.023,73294.317
2014,TD,12989.254,25742.787,238133.056,723201.4
2014,TF,321.125,1331.957,3835.206,15398.413
2014,TG,36157.133,208133.447,530094.668,2806796.728
2014,TH,1603809.14357,2337485.10224,64100054.5307,112760859.178
2014,TJ,13278.213,11787.677,602043.427,1888684.854
2014,TK,0.0,0.0,998.924,4145.004
2014,TM,38539.066,35971.483,1670576.433,4395293.323
2014,TN,69493.805,289013.037,5319566.305,11831193.545
2014,TO,577.76977,254.91491,22959.67217,89139.36953
2014,TP,320.112,1415.363,64891.571,197212.684
2014,TR,2787393.66652,6083725.23109,38373689.8431,131935785.488
2014,TT,42368.293,50603.168,1291421.858,2996617.748
2014,TV,155807.04465,749977.37766,5150383.90004,8826540.59767
2014,TW,577035.331,1196690.593,36839709.338,134645974.774
2014,TZ,287334.78299,542625.01453,1949048.9437,5744718.56759
2014,UA,997971.05911,1889081.0979,14220315.7886,21390071.5321
2014,UG,129747.37128,341513.99357,810624.8456,2258997.91495
2014,US,7838390.07036,18571560.7493,467124982.815,1142688161.8
2014,UY,532613.73636,148815.80775,2739947.42423,5487611.00296
2014,UZ,31721.83,109899.076,2578309.766,7465851.922
2014,VC,5146.53,11423.439,21192.584,117201.751
2014,VE,158441.182,287221.897,5532950.322,18148023.654
2014,VG,391.625,3558.265,290112.884,958504.1
2014,VN,764187.01369,2481176.38619,25031948.0795,91698813.8856
2014,VU,27.094,168931.857,34299.484,97730.539
2014,WF,3.2,16.924,6038.779,12266.549
2014,WS,1538.76838,1575.5794,64075.16411,147968.49733
2014,YE,98134.73039,471876.77571,1510627.84255,6960977.1304
2014,ZA,6412143.29476,3318433.38277,23153605.7594,50957364.1406
2014,ZM,103751.4899,267108.25886,2933130.50565,4157765.32264
2014,ZR,52437.607,106736.97,1249904.992,2830686.361
2014,ZW,39061.55312,74509.27038,942278.39797,2682183.89651
